 State,Action,Q_Value
BLOCKED_PATH,"('BOMB', 0, 0)",2.1052631578947367
BOMB_EVADE,"('MOVE', 1, 0)",1.0
BOMB_EVADE,"('MOVE', 2, 1)",0.19306604461291735
BOMB_EVADE,"('MOVE', 3, 1)",1.4506256153328279
BOMB_EVADE,"('MOVE', 4, 1)",1.4606263629193013
BOMB_EVADE,"('MOVE', 5, 0)",1.5557317881883104
BOMB_EVADE,"('MOVE', 6, 0)",1.5530039041009704
BOMB_EVADE,"('MOVE', 6, 1)",1.427417829824502
BOMB_EVADE,"('MOVE', 7, 0)",1.5082328439474693
BOMB_EVADE,"('WAIT', 7, 0)",1.430484573798516
BOMB_EVADE,"('WAIT', 7, 0)",1.3551462846550106
BOMB_EVADE,"('WAIT', 7, 0)",1.2821432737816325
BOMB_EVADE,"('BOMB', 7, 0)",7.778119573065905
BOMB_EVADE,"('MOVE', 6, 1)",3.1833895949713487
BOMB_EVADE,"('MOVE', 5, 1)",4.337771089130581
BOMB_EVADE,"('MOVE', 4, 1)",4.258117130970829
BOMB_EVADE,"('MOVE', 3, 1)",4.176972359918069
BOMB_EVADE,"('MOVE', 4, 1)",4.069755631712368
BOMB_EVADE,"('MOVE', 3, 1)",3.9907336576772328
BOMB_EVADE,"('MOVE', 2, 0)",4.183499589426481
BOMB_EVADE,"('MOVE', 1, 0)",4.077760058805318
BOMB_EVADE,"('MOVE', 0, 0)",3.9678319358112724
BOMB_EVADE,"('WAIT', 0, 0)",3.813842907108424
BOMB_EVADE,"('WAIT', 0, 0)",3.6646271117329583
BOMB_EVADE,"('MOVE', 1, 0)",9.617005744539815
BOMB_EVADE,"('MOVE', 2, 0)",9.012630486782772
BOMB_EVADE,"('WAIT', 2, 0)",8.442659416136273
BLOCKED_PATH,"('BOMB', 2, 0)",0.9608980901005979
BOMB_EVADE,"('MOVE', 1, 1)",4.535214187773592
BOMB_EVADE,"('WAIT', 1, 1)",5.606803208733065
BOMB_EVADE,"('WAIT', 1, 1)",5.4475810815419905
BOMB_EVADE,"('WAIT', 1, 1)",5.292196163510369
BOMB_EVADE,"('MOVE', 2, 2)",1.9176607456353247
BOMB_EVADE,"('MOVE', 2, 1)",2.0545004581875594
BOMB_EVADE,"('MOVE', 3, 1)",4.904923355510349
BOMB_EVADE,"('WAIT', 3, 1)",5.967602487939877
BOMB_EVADE,"('WAIT', 3, 1)",5.799685198064318
BOMB_EVADE,"('WAIT', 3, 1)",5.6358146683602754
BOMB_EVADE,"('WAIT', 3, 1)",5.475893373028602
BOMB_EVADE,"('WAIT', 3, 1)",8.312650978794268
BOMB_EVADE,"('MOVE', 4, 1)",7.8096130450366825
BOMB_EVADE,"('MOVE', 5, 1)",7.333747520443288
BLOCKED_PATH,"('BOMB', 5, 1)",3.4741215451924616
BOMB_EVADE,"('MOVE', 6, 0)",7.653001689343766
BOMB_EVADE,"('MOVE', 7, 1)",4.976878673164258
BOMB_EVADE,"('WAIT', 7, 1)",4.876802623761477
BOMB_EVADE,"('MOVE', 6, 0)",8.69021103361448
BOMB_EVADE,"('WAIT', 6, 0)",9.77891032010273
BOMB_EVADE,"('WAIT', 6, 0)",9.487790166027935
BOMB_EVADE,"('MOVE', 6, 1)",5.413967048710334
BOMB_EVADE,"('MOVE', 6, 0)",9.14588267062193
BOMB_EVADE,"('WAIT', 6, 0)",10.222275036166074
BOMB_EVADE,"('WAIT', 6, 0)",9.919180350286245
BOMB_EVADE,"('WAIT', 6, 0)",9.624271739717571
BOMB_EVADE,"('WAIT', 6, 0)",10.94617613582586
BOMB_EVADE,"('MOVE', 6, 1)",6.2211448330193875
BLOCKED_PATH,"('BOMB', 0, 0)",6.456615608612397
BOMB_EVADE,"('MOVE', 1, 1)",-15.356060792793272
BOMB_EVADE,"('WAIT', 1, 1)",-13.805097554850608
BOMB_EVADE,"('WAIT', 1, 1)",-13.496498250897144
BOMB_EVADE,"('WAIT', 1, 1)",-13.195336104684387
BOMB_EVADE,"('WAIT', 1, 1)",-12.901431882770941
BOMB_EVADE,"('WAIT', 1, 1)",-12.614610671191697
BOMB_EVADE,"('WAIT', 1, 1)",-12.334701771359653
BOMB_EVADE,"('MOVE', 0, 2)",-48.45724821220592
BOMB_EVADE,"('MOVE', 1, 1)",-4.205435613634263
BOMB_EVADE,"('WAIT', 1, 1)",-2.923199353693492
BOMB_EVADE,"('WAIT', 1, 1)",-2.876850782011682
BOMB_EVADE,"('MOVE', 2, 2)",-37.038323388811705
BOMB_EVADE,"('MOVE', 3, 2)",-35.19048581006682
BOMB_EVADE,"('MOVE', 2, 2)",-33.43739469553957
BLOCKED_PATH,"('WAIT', 2, 2)",-2.86364560491806
BLOCKED_PATH,"('MOVE', 3, 2)",-2.8238430907520815
BLOCKED_PATH,"('WAIT', 3, 2)",-2.7848906524426673
BLOCKED_PATH,"('MOVE', 2, 2)",-2.7467701346301108
BLOCKED_PATH,"('MOVE', 3, 2)",-2.709463769704908
BLOCKED_PATH,"('MOVE', 2, 2)",-2.6729541695264456
BLOCKED_PATH,"('MOVE', 3, 2)",-2.637224317318554
BLOCKED_PATH,"('MOVE', 2, 2)",-2.6022575597381494
BLOCKED_PATH,"('WAIT', 2, 2)",-2.568037599113271
BLOCKED_PATH,"('MOVE', 1, 2)",-2.5345484858468907
BLOCKED_PATH,"('MOVE', 0, 3)",-2.315901369358904
BLOCKED_PATH,"('MOVE', 0, 4)",-1.993629607935725
BLOCKED_PATH,"('WAIT', 0, 4)",-1.8713511151996078
BLOCKED_PATH,"('MOVE', 0, 5)",-1.7192478827998041
BLOCKED_PATH,"('MOVE', 1, 6)",-1.5114901734372554
BLOCKED_PATH,"('WAIT', 1, 6)",-1.4450774802116264
BLOCKED_PATH,"('MOVE', 2, 6)",-1.4397143582201566
BLOCKED_PATH,"('WAIT', 2, 6)",-1.4344158611058695
BLOCKED_PATH,"('MOVE', 3, 6)",-1.4291812101479455
BLOCKED_PATH,"('MOVE', 4, 6)",-1.424009636009044
BLOCKED_PATH,"('MOVE', 5, 6)",-1.4189003786222312
BLOCKED_PATH,"('WAIT', 5, 6)",-1.4138526870792765
BLOCKED_PATH,"('WAIT', 5, 6)",-1.4088658195202879
BLOCKED_PATH,"('MOVE', 4, 6)",-1.4039390430246834
BLOCKED_PATH,"('WAIT', 4, 6)",-1.3990716335034719
BLOCKED_PATH,"('MOVE', 5, 5)",-1.4939352178668208
BLOCKED_PATH,"('MOVE', 6, 6)",-1.441649925304477
BLOCKED_PATH,"('MOVE', 7, 6)",-1.3760787973956836
BLOCKED_PATH,"('WAIT', 7, 6)",-1.3715470999755417
BLOCKED_PATH,"('WAIT', 7, 6)",-1.3670700088816536
BLOCKED_PATH,"('MOVE', 6, 6)",-1.3626468661153512
BLOCKED_PATH,"('MOVE', 5, 6)",-1.358277021606759
BLOCKED_PATH,"('MOVE', 6, 6)",-1.3539598331192537
BLOCKED_PATH,"('MOVE', 7, 6)",-1.3496946661550742
BLOCKED_PATH,"('WAIT', 7, 6)",-1.3454808938620697
BLOCKED_PATH,"('MOVE', 6, 6)",-1.341317896941571
BLOCKED_PATH,"('MOVE', 5, 6)",-1.3372050635573722
BLOCKED_PATH,"('MOVE', 6, 6)",-1.3331417892458082
BLOCKED_PATH,"('MOVE', 5, 6)",-1.3291274768269183
BLOCKED_PATH,"('MOVE', 6, 6)",-1.325161536316677
BLOCKED_PATH,"('MOVE', 7, 6)",-1.321243384840285
BLOCKED_PATH,"('MOVE', 6, 6)",-1.317372446546503
BLOCKED_PATH,"('MOVE', 7, 6)",-1.3135481525230204
BLOCKED_PATH,"('MOVE', 6, 6)",-1.30976994071284
BLOCKED_PATH,"('MOVE', 5, 6)",-1.3060372558316742
BLOCKED_PATH,"('MOVE', 4, 6)",-1.3023495492863342
BLOCKED_PATH,"('WAIT', 4, 6)",-1.2987062790941029
BLOCKED_PATH,"('MOVE', 5, 6)",-1.2951069098030796
BLOCKED_PATH,"('MOVE', 4, 6)",-1.2915509124134856
BLOCKED_PATH,"('MOVE', 5, 6)",-1.288037764299916
BLOCKED_PATH,"('MOVE', 6, 6)",-1.284566949134529
BLOCKED_PATH,"('MOVE', 5, 6)",-1.2811379568111627
BLOCKED_PATH,"('WAIT', 5, 6)",-1.2777502833703633
BLOCKED_PATH,"('MOVE', 4, 6)",-1.274403430925319
BLOCKED_PATH,"('MOVE', 5, 6)",-1.2710969075886842
BLOCKED_PATH,"('MOVE', 4, 6)",-1.2678302274002886
BLOCKED_PATH,"('MOVE', 5, 6)",-1.2646029102557144
BLOCKED_PATH,"('MOVE', 4, 6)",-1.2614144818357356
BLOCKED_PATH,"('MOVE', 3, 6)",-1.2582644735366069
BLOCKED_PATH,"('WAIT', 3, 6)",-1.2551524224011936
BLOCKED_PATH,"('MOVE', 2, 6)",-1.2520778710509297
BLOCKED_PATH,"('MOVE', 1, 6)",-1.2490403676185986
BLOCKED_PATH,"('MOVE', 0, 6)",-1.24603946568192
BLOCKED_PATH,"('WAIT', 0, 6)",-1.2430747241979414
BLOCKED_PATH,"('WAIT', 0, 6)",-1.2401457074382156
BLOCKED_PATH,"('WAIT', 0, 6)",-1.2372519849247634
BLOCKED_PATH,"('WAIT', 0, 6)",-1.2343931313668057
BLOCKED_PATH,"('MOVE', 1, 6)",-1.2315687265982582
BLOCKED_PATH,"('MOVE', 2, 6)",-1.2287783555159801
BLOCKED_PATH,"('WAIT', 2, 6)",-1.2260216080187654
BLOCKED_PATH,"('MOVE', 1, 6)",-1.223298078947071
BLOCKED_PATH,"('WAIT', 1, 6)",-1.2206073680234706
BLOCKED_PATH,"('MOVE', 2, 6)",-1.217949079793825
BLOCKED_PATH,"('MOVE', 3, 6)",-1.2153228235691627
BLOCKED_PATH,"('MOVE', 4, 6)",-1.21272821336826
BLOCKED_PATH,"('WAIT', 4, 6)",-1.2101648678609138
BLOCKED_PATH,"('MOVE', 3, 6)",-1.2076324103118974
BLOCKED_PATH,"('MOVE', 4, 6)",-1.2051304685255906
BLOCKED_PATH,"('MOVE', 5, 6)",-1.2026586747912795
BLOCKED_PATH,"('WAIT', 5, 6)",-1.2002166658291131
BLOCKED_PATH,"('MOVE', 6, 6)",-1.1978040827367125
BLOCKED_PATH,"('MOVE', 5, 6)",-1.1954205709364225
BLOCKED_PATH,"('MOVE', 6, 6)",-1.1930657801231996
BLOCKED_PATH,"('WAIT', 6, 6)",-1.1907393642131279
BLOCKED_PATH,"('WAIT', 6, 6)",-1.1884409812925543
BLOCKED_PATH,"('WAIT', 6, 6)",-1.186170293567838
BLOCKED_PATH,"('MOVE', 7, 6)",-1.1839269673157047
BLOCKED_PATH,"('MOVE', 6, 6)",-1.1817106728341995
BLOCKED_PATH,"('MOVE', 5, 6)",-1.1795210843942308
BLOCKED_PATH,"('WAIT', 5, 6)",-1.1773578801916964
BLOCKED_PATH,"('MOVE', 6, 6)",-1.1752207423001897
BLOCKED_PATH,"('MOVE', 5, 6)",-1.1731093566242736
BLOCKED_PATH,"('MOVE', 4, 6)",-1.1710234128533161
BLOCKED_PATH,"('WAIT', 4, 6)",-1.1689626044158872
BLOCKED_PATH,"('WAIT', 4, 6)",-1.1669266284346984
BLOCKED_PATH,"('MOVE', 5, 5)",-1.244275597704592
BLOCKED_PATH,"('MOVE', 5, 6)",-1.2179806108621485
BLOCKED_PATH,"('WAIT', 5, 6)",-1.1551046672132554
BLOCKED_PATH,"('WAIT', 5, 6)",-1.1532356774559767
BLOCKED_PATH,"('MOVE', 4, 6)",-1.1513892087664102
BLOCKED_PATH,"('MOVE', 5, 6)",-1.1495649897688094
BLOCKED_PATH,"('MOVE', 6, 6)",-1.147762752357468
BLOCKED_PATH,"('MOVE', 7, 6)",-1.1459822316573156
BLOCKED_PATH,"('WAIT', 7, 6)",-1.1442231659849906
BLOCKED_PATH,"('MOVE', 6, 6)",-1.1424852968103794
BLOCKED_PATH,"('MOVE', 5, 6)",-1.14076836871862
BLOCKED_PATH,"('MOVE', 6, 6)",-1.1390721293725647
BLOCKED_PATH,"('MOVE', 5, 6)",-1.137396329475693
BLOCKED_PATH,"('MOVE', 6, 6)",-1.1357407227354734
BLOCKED_PATH,"('MOVE', 6, 5)",-1.2109834582191443
BLOCKED_PATH,"('MOVE', 7, 6)",-1.187900927845446
BLOCKED_PATH,"('WAIT', 7, 6)",-1.1253874402107433
BLOCKED_PATH,"('WAIT', 7, 6)",-1.1238765389228853
BLOCKED_PATH,"('MOVE', 6, 6)",-1.1223838437862799
BLOCKED_PATH,"('WAIT', 6, 6)",-1.1209091354193261
BLOCKED_PATH,"('MOVE', 5, 6)",-1.1194521970839408
BLOCKED_PATH,"('MOVE', 6, 6)",-1.118012814653705
BLOCKED_PATH,"('WAIT', 6, 6)",-1.116590776582393
BLOCKED_PATH,"('BOMB', 6, 6)",-9.323961169417991
BOMB_EVADE,"('MOVE', 7, 5)",2.163327672106578
BOMB_EVADE,"('MOVE', 7, 6)",-22.337370436152252
BOMB_EVADE,"('MOVE', 7, 5)",5.666649877331797
BOMB_EVADE,"('WAIT', 7, 5)",6.278838480172816
BOMB_EVADE,"('WAIT', 7, 5)",6.17600724402633
BOMB_EVADE,"('WAIT', 7, 5)",6.074628748335099
BOMB_EVADE,"('WAIT', 7, 5)",5.974682469619008
BOMB_EVADE,"('WAIT', 7, 5)",5.876148174341843
BOMB_EVADE,"('WAIT', 7, 5)",5.779005914815131
BOMB_EVADE,"('WAIT', 7, 5)",5.683236025159848
BOMB_EVADE,"('WAIT', 7, 5)",5.58881911732518
BOMB_EVADE,"('MOVE', 7, 4)",-14.663524976715575
BOMB_EVADE,"('WAIT', 7, 4)",-14.031066521422176
BOMB_EVADE,"('MOVE', 7, 5)",-13.938697994794687
BLOCKED_PATH,"('MOVE', 6, 4)",0.4346811081302454
BLOCKED_PATH,"('WAIT', 6, 4)",0.3036702877846573
BLOCKED_PATH,"('WAIT', 6, 4)",0.2771274162743603
BLOCKED_PATH,"('WAIT', 6, 4)",0.2511249605690513
BLOCKED_PATH,"('WAIT', 6, 4)",0.22565191774306095
BLOCKED_PATH,"('WAIT', 6, 4)",0.20069750889150556
BLOCKED_PATH,"('WAIT', 6, 4)",0.1762511745691993
BLOCKED_PATH,"('WAIT', 6, 4)",0.15230257032243028
BLOCKED_PATH,"('WAIT', 6, 4)",0.12884156231171046
BLOCKED_PATH,"('WAIT', 6, 4)",0.10585822302364654
BLOCKED_PATH,"('MOVE', 5, 5)",-0.004954618811239424
BLOCKED_PATH,"('MOVE', 6, 4)",0.1615196525400668
BLOCKED_PATH,"('WAIT', 6, 4)",0.03607042969749208
BLOCKED_PATH,"('WAIT', 6, 4)",0.01497592094880354
BLOCKED_PATH,"('MOVE', 6, 3)",-0.09916950102172634
BLOCKED_PATH,"('MOVE', 6, 2)",-0.09436137479194498
BLOCKED_PATH,"('WAIT', 6, 2)",-0.25970471973279197
BLOCKED_PATH,"('WAIT', 6, 2)",-0.2804370889391672
BLOCKED_PATH,"('WAIT', 6, 2)",-0.30058883694699273
BLOCKED_PATH,"('MOVE', 5, 1)",-0.39976508828091684
BLOCKED_PATH,"('MOVE', 6, 2)",-0.43787770826535355
BLOCKED_PATH,"('WAIT', 6, 2)",-0.3135925458538225
BLOCKED_PATH,"('BOMB', 6, 2)",-0.5859165828596768
BOMB_EVADE,"('MOVE', 5, 1)",10.438826962213861
BOMB_EVADE,"('WAIT', 5, 1)",11.368140550659124
BOMB_EVADE,"('WAIT', 5, 1)",11.070071789465953
BOMB_EVADE,"('WAIT', 5, 1)",10.779186402850014
BOMB_EVADE,"('WAIT', 5, 1)",10.495311273473853
BOMB_EVADE,"('MOVE', 6, 2)",-7.897547899479337
BOMB_EVADE,"('MOVE', 5, 1)",13.381463619437284
BOMB_EVADE,"('MOVE', 5, 0)",14.271628125808625
BOMB_EVADE,"('WAIT', 5, 0)",13.85535992426304
BOMB_EVADE,"('MOVE', 5, 1)",13.46874311231328
BOMB_EVADE,"('WAIT', 5, 1)",13.12005041126861
BOMB_EVADE,"('MOVE', 4, 0)",-5.536447564107803
BOMB_EVADE,"('MOVE', 5, 0)",-5.27820934404571
BOMB_EVADE,"('WAIT', 5, 0)",-5.034671388311255
BLOCKED_PATH,"('BOMB', 5, 0)",3.599841035420494
BOMB_EVADE,"('MOVE', 4, 1)",12.036900244459925
BOMB_EVADE,"('WAIT', 4, 1)",12.927700709482636
BOMB_EVADE,"('WAIT', 4, 1)",12.592046980472945
BOMB_EVADE,"('WAIT', 4, 1)",12.264482413353514
BOMB_EVADE,"('WAIT', 4, 1)",11.944812061563553
BOMB_EVADE,"('WAIT', 4, 1)",11.632845676700388
BOMB_EVADE,"('WAIT', 4, 1)",11.328397595295144
BOMB_EVADE,"('WAIT', 4, 1)",11.031286628317117
BOMB_EVADE,"('WAIT', 4, 1)",10.741335953341054
BOMB_EVADE,"('WAIT', 4, 1)",10.458373009313167
BOMB_EVADE,"('WAIT', 4, 1)",10.182229393853266
BOMB_EVADE,"('MOVE', 3, 1)",-2.6092612740189
BOMB_EVADE,"('MOVE', 4, 1)",-2.5223344184971044
BOMB_EVADE,"('MOVE', 3, 1)",-2.4401030579411653
BLOCKED_PATH,"('BOMB', 3, 1)",9.540601809800549
BOMB_EVADE,"('MOVE', 4, 0)",14.35159908767081
BOMB_EVADE,"('WAIT', 4, 0)",15.287393849153386
BOMB_EVADE,"('WAIT', 4, 0)",14.847498862922789
BOMB_EVADE,"('MOVE', 5, 0)",13.860741686379527
BOMB_EVADE,"('MOVE', 4, 0)",14.15312044792217
BOMB_EVADE,"('WAIT', 4, 0)",13.743860269619566
BOMB_EVADE,"('MOVE', 3, 0)",-0.7795544885855907
BOMB_EVADE,"('MOVE', 2, 0)",15.962932350343412
BOMB_EVADE,"('WAIT', 2, 0)",16.855207723152695
BOMB_EVADE,"('WAIT', 2, 0)",16.372968733399958
BOMB_EVADE,"('WAIT', 2, 0)",15.903754203896773
BOMB_EVADE,"('MOVE', 1, 1)",-5.052037452654552
BLOCKED_PATH,"('BOMB', 0, 0)",12.6687498964167
BOMB_EVADE,"('WAIT', 0, 0)",-46.225481410439976
BOMB_EVADE,"('MOVE', 1, 1)",0.8760060429861847
BOMB_EVADE,"('WAIT', 1, 1)",2.035780966603969
BOMB_EVADE,"('WAIT', 1, 1)",1.962619486245369
BOMB_EVADE,"('WAIT', 1, 1)",1.8912211772970737
BOMB_EVADE,"('WAIT', 1, 1)",1.821543547816507
BOMB_EVADE,"('WAIT', 1, 1)",1.7535451299051394
BOMB_EVADE,"('WAIT', 1, 1)",1.6871854550293097
BOMB_EVADE,"('WAIT', 1, 1)",1.6224250299358056
BOMB_EVADE,"('WAIT', 1, 1)",1.5592253131478788
BOMB_EVADE,"('WAIT', 1, 1)",1.4975486920276948
BOMB_EVADE,"('MOVE', 2, 2)",-40.040864642677505
BOMB_EVADE,"('MOVE', 1, 1)",-38.03900737451438
BOMB_EVADE,"('WAIT', 1, 1)",-36.03828536951983
BLOCKED_PATH,"('MOVE', 0, 0)",-0.3864485615494155
BLOCKED_PATH,"('WAIT', 0, 0)",-0.560453106137399
BLOCKED_PATH,"('WAIT', 0, 0)",-0.5740778422657161
BLOCKED_PATH,"('MOVE', 0, 1)",-0.5870274039046137
BLOCKED_PATH,"('MOVE', 0, 0)",-0.4545591317212735
BLOCKED_PATH,"('MOVE', 0, 1)",-0.6234503908628866
BLOCKED_PATH,"('MOVE', 0, 0)",-0.4919624252161426
BLOCKED_PATH,"('MOVE', 0, 1)",-0.6571397022048773
BLOCKED_PATH,"('MOVE', 1, 2)",-0.7474460009824749
BLOCKED_PATH,"('MOVE', 0, 1)",-0.3751193807326535
BLOCKED_PATH,"('MOVE', 0, 0)",-0.5215163703251573
BLOCKED_PATH,"('MOVE', 0, 1)",-0.6823352470183497
BLOCKED_PATH,"('MOVE', 0, 0)",-0.5535803909274836
BLOCKED_PATH,"('MOVE', 0, 1)",-0.7111945131617371
BLOCKED_PATH,"('MOVE', 0, 2)",-0.5792161016187202
BLOCKED_PATH,"('MOVE', 0, 1)",-0.46630391977613783
BLOCKED_PATH,"('MOVE', 0, 2)",-0.609811523945395
BLOCKED_PATH,"('MOVE', 0, 1)",-0.4986140749006956
BLOCKED_PATH,"('MOVE', 0, 2)",-0.6394302892591284
BLOCKED_PATH,"('MOVE', 0, 1)",-0.5298987216702971
BLOCKED_PATH,"('MOVE', 0, 2)",-0.6681047558080849
BLOCKED_PATH,"('WAIT', 0, 2)",-0.5590961045851981
BLOCKED_PATH,"('MOVE', 1, 1)",-0.7674568757678452
BLOCKED_PATH,"('MOVE', 0, 2)",-0.6502414657056981
BLOCKED_PATH,"('MOVE', 0, 1)",-0.5408470567336677
BLOCKED_PATH,"('MOVE', 0, 2)",-0.6784767062282215
BLOCKED_PATH,"('MOVE', 0, 3)",-0.7166757511602982
BLOCKED_PATH,"('MOVE', 0, 2)",-0.4456424350569683
BLOCKED_PATH,"('MOVE', 1, 1)",-0.7683496942554092
BLOCKED_PATH,"('MOVE', 0, 2)",-0.6555586751922851
BLOCKED_PATH,"('MOVE', 0, 1)",-0.5471879342527879
BLOCKED_PATH,"('MOVE', 0, 2)",-0.6836140534315496
BLOCKED_PATH,"('WAIT', 0, 2)",-0.5742432321838267
BLOCKED_PATH,"('WAIT', 0, 2)",-0.5841854193103927
BLOCKED_PATH,"('WAIT', 0, 2)",-0.5938954384661085
BLOCKED_PATH,"('WAIT', 0, 2)",-0.6033787111911244
BLOCKED_PATH,"('WAIT', 0, 2)",-0.6126405324228663
BLOCKED_PATH,"('WAIT', 0, 2)",-0.6216860734524376
BLOCKED_PATH,"('WAIT', 0, 2)",-0.6305203848119831
BLOCKED_PATH,"('WAIT', 0, 2)",-0.6391483990946286
BLOCKED_PATH,"('WAIT', 0, 2)",-0.6475749337085683
BLOCKED_PATH,"('WAIT', 0, 2)",-0.6558046935668419
BLOCKED_PATH,"('WAIT', 0, 2)",-0.6638422737142977
BLOCKED_PATH,"('WAIT', 0, 2)",-0.6716921618932132
BLOCKED_PATH,"('WAIT', 0, 2)",-0.6793587410490034
BLOCKED_PATH,"('WAIT', 0, 2)",-0.6868462917774159
BLOCKED_PATH,"('MOVE', 1, 2)",-0.8793843367063001
BLOCKED_PATH,"('WAIT', 1, 2)",-0.8463570798730286
BLOCKED_PATH,"('MOVE', 0, 2)",-0.6276924030363266
BLOCKED_PATH,"('MOVE', 1, 1)",-0.8298814724610473
BLOCKED_PATH,"('MOVE', 0, 2)",-0.7167368496172046
BLOCKED_PATH,"('WAIT', 0, 2)",-0.6065925514391631
BLOCKED_PATH,"('WAIT', 0, 2)",-0.6157793237144202
BLOCKED_PATH,"('WAIT', 0, 2)",-0.6247515683157705
BLOCKED_PATH,"('WAIT', 0, 2)",-0.6335142948506682
BLOCKED_PATH,"('WAIT', 0, 2)",-0.6420723959432135
BLOCKED_PATH,"('WAIT', 0, 2)",-0.6504306499659248
BLOCKED_PATH,"('WAIT', 0, 2)",-0.6585937237077177
BLOCKED_PATH,"('WAIT', 0, 2)",-0.6665661749795846
BLOCKED_PATH,"('WAIT', 0, 2)",-0.6743524551594242
BLOCKED_PATH,"('WAIT', 0, 2)",-0.6819569116774464
BLOCKED_PATH,"('WAIT', 0, 2)",-0.6893837904435384
BLOCKED_PATH,"('WAIT', 0, 2)",-0.6966372382179454
BLOCKED_PATH,"('WAIT', 0, 2)",-0.7037213049265956
BLOCKED_PATH,"('WAIT', 0, 2)",-0.710639945922354
BLOCKED_PATH,"('WAIT', 0, 2)",-0.7173970241934746
BLOCKED_PATH,"('MOVE', 0, 1)",-0.7378223370669338
BLOCKED_PATH,"('MOVE', 0, 2)",-0.8529380177411333
BLOCKED_PATH,"('WAIT', 0, 2)",-0.739613177049838
BLOCKED_PATH,"('WAIT', 0, 2)",-0.7456936782062641
BLOCKED_PATH,"('WAIT', 0, 2)",-0.7516321887124171
BLOCKED_PATH,"('WAIT', 0, 2)",-0.7574320243056424
BLOCKED_PATH,"('WAIT', 0, 2)",-0.7630964232948485
BLOCKED_PATH,"('WAIT', 0, 2)",-0.7686285483686004
BLOCKED_PATH,"('WAIT', 0, 2)",-0.7740314883609902
BLOCKED_PATH,"('BOMB', 0, 2)",-0.993055160041481
BOMB_EVADE,"('MOVE', 1, 1)",8.05664109621121
BOMB_EVADE,"('WAIT', 1, 1)",9.043364704141855
BOMB_EVADE,"('WAIT', 1, 1)",8.801322396867523
BOMB_EVADE,"('WAIT', 1, 1)",8.56511324215077
BOMB_EVADE,"('WAIT', 1, 1)",8.334596662630794
BOMB_EVADE,"('WAIT', 1, 1)",8.10963546882224
BOMB_EVADE,"('WAIT', 1, 1)",7.890095777468352
BOMB_EVADE,"('MOVE', 2, 1)",6.292858790114692
BOMB_EVADE,"('MOVE', 1, 1)",7.800486048369715
BOMB_EVADE,"('WAIT', 1, 1)",7.588396772411775
BOMB_EVADE,"('WAIT', 1, 1)",7.381418789253928
BOMB_EVADE,"('MOVE', 1, 0)",-23.162039714316634
BOMB_EVADE,"('MOVE', 0, 1)",-51.10906432642169
BLOCKED_PATH,"('WAIT', 0, 0)",1.0572539386603124
BLOCKED_PATH,"('WAIT', 0, 0)",1.00032328257384
BLOCKED_PATH,"('MOVE', 1, 0)",0.944968075945273
BLOCKED_PATH,"('MOVE', 2, 0)",0.891144721156649
BLOCKED_PATH,"('MOVE', 3, 0)",0.8388108270725634
BLOCKED_PATH,"('MOVE', 2, 0)",0.7879251756530208
BLOCKED_PATH,"('MOVE', 2, 1)",0.6345703277498941
BLOCKED_PATH,"('MOVE', 2, 0)",0.849946444851059
BLOCKED_PATH,"('MOVE', 1, 0)",0.6603869850614132
BLOCKED_PATH,"('WAIT', 1, 0)",0.6144388798515421
BLOCKED_PATH,"('MOVE', 0, 0)",0.5697623025393068
BLOCKED_PATH,"('WAIT', 0, 0)",0.5263220659676513
BLOCKED_PATH,"('WAIT', 0, 0)",0.4840839567182972
BLOCKED_PATH,"('MOVE', 1, 0)",0.44301470816534483
BLOCKED_PATH,"('MOVE', 2, 0)",0.40308197427456427
BLOCKED_PATH,"('MOVE', 1, 0)",0.36425430412774185
BLOCKED_PATH,"('WAIT', 1, 0)",0.32650111715201846
BLOCKED_PATH,"('WAIT', 1, 0)",0.2897926790347092
BLOCKED_PATH,"('MOVE', 0, 0)",0.2541000783046351
BLOCKED_PATH,"('MOVE', 1, 0)",0.21939520356152348
BLOCKED_PATH,"('WAIT', 1, 0)",0.18565072133554117
BLOCKED_PATH,"('MOVE', 2, 0)",0.15284005455952437
BLOCKED_PATH,"('MOVE', 3, 0)",0.1209373616369492
BLOCKED_PATH,"('MOVE', 2, 0)",0.08991751608915663
BLOCKED_PATH,"('MOVE', 1, 0)",0.05975608676580296
BLOCKED_PATH,"('WAIT', 1, 0)",0.030429318602948757
BLOCKED_PATH,"('MOVE', 2, 0)",0.0019141139136316931
BLOCKED_PATH,"('MOVE', 3, 1)",-0.08125132671096452
BLOCKED_PATH,"('MOVE', 3, 0)",0.09294347817411915
BLOCKED_PATH,"('WAIT', 3, 0)",-0.07566733996150252
BLOCKED_PATH,"('MOVE', 4, 0)",-0.10124651800522713
BLOCKED_PATH,"('WAIT', 4, 0)",-0.12611784012469468
BLOCKED_PATH,"('MOVE', 3, 0)",-0.1503008949090556
BLOCKED_PATH,"('WAIT', 3, 0)",-0.1738147288698826
BLOCKED_PATH,"('MOVE', 2, 1)",-0.2410846967997427
BLOCKED_PATH,"('MOVE', 1, 0)",-0.0763526964211873
BLOCKED_PATH,"('WAIT', 1, 0)",-0.24027855947590293
BLOCKED_PATH,"('MOVE', 0, 0)",-0.2613024298106279
BLOCKED_PATH,"('MOVE', 1, 0)",-0.28174450384440025
BLOCKED_PATH,"('MOVE', 2, 0)",-0.3016208817020025
BLOCKED_PATH,"('MOVE', 3, 0)",-0.3209472179673682
BLOCKED_PATH,"('MOVE', 2, 0)",-0.3397387340130912
BLOCKED_PATH,"('WAIT', 2, 0)",-0.35801022998874
BLOCKED_PATH,"('MOVE', 3, 0)",-0.3757760964774172
BLOCKED_PATH,"('MOVE', 2, 0)",-0.3930503258297458
BLOCKED_PATH,"('MOVE', 1, 0)",-0.4098465231842079
BLOCKED_PATH,"('MOVE', 0, 0)",-0.4261779171825176
BLOCKED_PATH,"('MOVE', 1, 1)",-0.47072924285291046
BLOCKED_PATH,"('MOVE', 0, 0)",-0.31944976858927226
BLOCKED_PATH,"('MOVE', 1, 0)",-0.4766483747161232
BLOCKED_PATH,"('WAIT', 1, 0)",-0.4911311523797961
BLOCKED_PATH,"('MOVE', 0, 1)",-0.5296366996868361
BLOCKED_PATH,"('MOVE', 1, 0)",-0.3820695461118567
BLOCKED_PATH,"('WAIT', 1, 0)",-0.5375352669826116
BLOCKED_PATH,"('WAIT', 1, 0)",-0.5503331137494916
BLOCKED_PATH,"('WAIT', 1, 0)",-0.5627768040365901
BLOCKED_PATH,"('WAIT', 1, 0)",-0.5748761384622811
BLOCKED_PATH,"('WAIT', 1, 0)",-0.5866406464311504
BLOCKED_PATH,"('WAIT', 1, 0)",-0.5980795936393299
BLOCKED_PATH,"('MOVE', 2, 0)",-0.6092019893721364
BLOCKED_PATH,"('MOVE', 3, 1)",-0.6369336068692748
BLOCKED_PATH,"('MOVE', 2, 0)",-0.4958426662919482
BLOCKED_PATH,"('WAIT', 2, 0)",-0.6481599287953926
BLOCKED_PATH,"('MOVE', 3, 0)",-0.6578964448932708
BLOCKED_PATH,"('WAIT', 3, 0)",-0.6673635211135374
BLOCKED_PATH,"('MOVE', 3, 1)",-0.6896503689302902
BLOCKED_PATH,"('MOVE', 2, 0)",-0.5519228117239895
BLOCKED_PATH,"('MOVE', 1, 0)",-0.7026881610615999
BLOCKED_PATH,"('MOVE', 0, 0)",-0.7109157102887318
BLOCKED_PATH,"('MOVE', 1, 0)",-0.7189155774749244
BLOCKED_PATH,"('MOVE', 2, 0)",-0.7266940632949397
BLOCKED_PATH,"('MOVE', 3, 0)",-0.7342572940641462
BLOCKED_PATH,"('MOVE', 2, 0)",-0.7416112265635899
BLOCKED_PATH,"('MOVE', 3, 1)",-0.7570207574528852
BLOCKED_PATH,"('MOVE', 3, 0)",-0.6234944469933532
BLOCKED_PATH,"('MOVE', 2, 0)",-0.7722791851499639
BLOCKED_PATH,"('MOVE', 1, 0)",-0.7785809329071713
BLOCKED_PATH,"('MOVE', 2, 0)",-0.7847082915782442
BLOCKED_PATH,"('MOVE', 3, 0)",-0.7906660870550679
BLOCKED_PATH,"('MOVE', 2, 0)",-0.7964590116819926
BLOCKED_PATH,"('MOVE', 1, 0)",-0.8020916279515131
BLOCKED_PATH,"('MOVE', 2, 0)",-0.8075683720976748
BLOCKED_PATH,"('WAIT', 2, 0)",-0.8128935575900411
BLOCKED_PATH,"('MOVE', 3, 0)",-0.8180713785309704
BLOCKED_PATH,"('MOVE', 2, 0)",-0.8231059129588807
BLOCKED_PATH,"('WAIT', 2, 0)",-0.8280011260601016
BLOCKED_PATH,"('MOVE', 1, 0)",-0.8327608732918457
BLOCKED_PATH,"('MOVE', 2, 0)",-0.8373889034187555
BLOCKED_PATH,"('WAIT', 2, 0)",-0.8418888614654221
BLOCKED_PATH,"('WAIT', 2, 0)",-0.8462642915871962
BLOCKED_PATH,"('MOVE', 3, 0)",-0.8505186398615561
BLOCKED_PATH,"('MOVE', 2, 1)",-0.8559651046157689
BLOCKED_PATH,"('MOVE', 1, 0)",-0.7284442460820959
BLOCKED_PATH,"('MOVE', 0, 0)",-0.8743246947846993
BLOCKED_PATH,"('MOVE', 1, 1)",-0.8773317290513545
BLOCKED_PATH,"('MOVE', 0, 0)",-0.7511943826630585
BLOCKED_PATH,"('MOVE', 1, 1)",-0.8945723035984533
BLOCKED_PATH,"('MOVE', 0, 0)",-0.7691018430007087
BLOCKED_PATH,"('MOVE', 0, 1)",-0.9106103820291302
BLOCKED_PATH,"('MOVE', 1, 0)",-0.7857773280447926
BLOCKED_PATH,"('MOVE', 2, 1)",-0.9255245251192307
BLOCKED_PATH,"('BOMB', 2, 1)",-2.753138827034451
BOMB_EVADE,"('MOVE', 3, 2)",-9.5618917714522
BOMB_EVADE,"('WAIT', 3, 2)",-8.311165495668552
BOMB_EVADE,"('WAIT', 3, 2)",-8.155018443115631
BOMB_EVADE,"('WAIT', 3, 2)",-8.002206276366541
BOMB_EVADE,"('WAIT', 3, 2)",-7.852657771128907
BOMB_EVADE,"('WAIT', 3, 2)",-7.706303224271832
BOMB_EVADE,"('WAIT', 3, 2)",-7.563074421337938
BOMB_EVADE,"('WAIT', 3, 2)",-7.422904604749252
BOMB_EVADE,"('WAIT', 3, 2)",-7.285728442692142
BOMB_EVADE,"('WAIT', 3, 2)",-7.151481998666778
BOMB_EVADE,"('MOVE', 4, 2)",-9.149695935158856
BOMB_EVADE,"('MOVE', 5, 2)",-49.449513775906894
BOMB_EVADE,"('WAIT', 5, 2)",-46.96530186457161
BOMB_EVADE,"('WAIT', 5, 2)",-44.60846602658485
BLOCKED_PATH,"('MOVE', 6, 2)",-2.163295221488951
BLOCKED_PATH,"('MOVE', 7, 2)",-2.1384503290854058
BLOCKED_PATH,"('WAIT', 7, 2)",-2.1141360575140804
BLOCKED_PATH,"('WAIT', 7, 2)",-2.0903410741250674
BLOCKED_PATH,"('MOVE', 6, 1)",-2.1513809167792988
BLOCKED_PATH,"('MOVE', 5, 2)",-2.137406545615226
BLOCKED_PATH,"('MOVE', 6, 2)",-2.0063278628820034
BLOCKED_PATH,"('MOVE', 5, 2)",-1.9848353758381796
BLOCKED_PATH,"('MOVE', 6, 2)",-1.9638019111630765
BLOCKED_PATH,"('MOVE', 7, 2)",-1.9432176653595656
BLOCKED_PATH,"('MOVE', 6, 2)",-1.9230730443071495
BLOCKED_PATH,"('MOVE', 5, 2)",-1.9033586587902296
BLOCKED_PATH,"('MOVE', 6, 1)",-1.9565124099014426
BLOCKED_PATH,"('MOVE', 7, 2)",-1.9612892322789988
BLOCKED_PATH,"('MOVE', 6, 2)",-1.8339719470134281
BLOCKED_PATH,"('WAIT', 6, 2)",-1.8161605239899559
BLOCKED_PATH,"('MOVE', 5, 2)",-1.798729505596708
BLOCKED_PATH,"('MOVE', 6, 2)",-1.7816707674023848
BLOCKED_PATH,"('WAIT', 6, 2)",-1.7649763584919351
BLOCKED_PATH,"('WAIT', 6, 2)",-1.7486384977607083
BLOCKED_PATH,"('BOMB', 6, 2)",-7.252730241447867
BOMB_EVADE,"('MOVE', 7, 1)",1.4319872534708544
BOMB_EVADE,"('WAIT', 7, 1)",2.578363183927374
BOMB_EVADE,"('WAIT', 7, 1)",2.4921256224310637
BOMB_EVADE,"('WAIT', 7, 1)",2.4079663622782927
BOMB_EVADE,"('WAIT', 7, 1)",2.3258353169823898
BOMB_EVADE,"('WAIT', 7, 1)",2.245683607127135
BOMB_EVADE,"('WAIT', 7, 1)",2.1674635312767028
BOMB_EVADE,"('WAIT', 7, 1)",2.091128537586654
BOMB_EVADE,"('WAIT', 7, 1)",2.016633196099109
BOMB_EVADE,"('WAIT', 7, 1)",1.943933171705585
BOMB_EVADE,"('WAIT', 7, 1)",1.8729851977614334
BOMB_EVADE,"('MOVE', 7, 0)",-23.786346627845283
BOMB_EVADE,"('WAIT', 7, 0)",-22.489229112049664
BOMB_EVADE,"('WAIT', 7, 0)",-21.26595028032495
BLOCKED_PATH,"('MOVE', 6, 0)",0.40606633254327373
BLOCKED_PATH,"('BOMB', 6, 0)",4.168902857389723
BOMB_EVADE,"('MOVE', 7, 0)",-35.90804350327093
BOMB_EVADE,"('WAIT', 7, 0)",-13.480177522215257
BOMB_EVADE,"('MOVE', 7, 1)",23.915910062593923
BOMB_EVADE,"('WAIT', 7, 1)",24.52042968158404
BOMB_EVADE,"('WAIT', 7, 1)",23.90539439562897
BOMB_EVADE,"('WAIT', 7, 1)",23.30518128969553
BOMB_EVADE,"('WAIT', 7, 1)",22.719433153351066
BOMB_EVADE,"('WAIT', 7, 1)",22.1478013848354
BOMB_EVADE,"('WAIT', 7, 1)",21.589945783594214
BOMB_EVADE,"('WAIT', 7, 1)",21.045534347812307
BOMB_EVADE,"('WAIT', 7, 1)",20.514243076826247
BOMB_EVADE,"('WAIT', 7, 1)",0.2966164334192314
BOMB_EVADE,"('WAIT', 7, 1)",0.22657759560295787
BOMB_EVADE,"('WAIT', 7, 1)",0.16032201910916655
BLOCKED_PATH,"('MOVE', 6, 2)",1.5819681198238609
BLOCKED_PATH,"('BOMB', 6, 2)",6.062177451450578
BOMB_EVADE,"('MOVE', 7, 1)",16.833953736923014
BOMB_EVADE,"('MOVE', 7, 0)",17.853157319413306
BOMB_EVADE,"('MOVE', 6, 0)",-6.723358352816369
BOMB_EVADE,"('MOVE', 7, 1)",22.08281743186512
BOMB_EVADE,"('MOVE', 6, 0)",5.090153746664079
BOMB_EVADE,"('MOVE', 5, 0)",26.88829781418329
BOMB_EVADE,"('MOVE', 4, 0)",27.491010139691426
BOMB_EVADE,"('MOVE', 5, 0)",26.71441307660399
BOMB_EVADE,"('MOVE', 4, 0)",25.958984199391292
BOMB_EVADE,"('WAIT', 4, 0)",25.224146513734755
BOMB_EVADE,"('WAIT', 4, 0)",24.509338752806357
BOMB_EVADE,"('WAIT', 4, 0)",5.555360457568845
BOMB_EVADE,"('MOVE', 5, 0)",5.182195201604749
BOMB_EVADE,"('MOVE', 4, 0)",4.8302724553638114
BLOCKED_PATH,"('BOMB', 4, 0)",7.6335049279046885
BOMB_EVADE,"('MOVE', 3, 1)",20.126169554316178
BOMB_EVADE,"('WAIT', 3, 1)",20.822020869766174
BOMB_EVADE,"('WAIT', 3, 1)",20.296116211685938
BOMB_EVADE,"('WAIT', 3, 1)",19.78288571018547
BOMB_EVADE,"('WAIT', 3, 1)",19.282023921602057
BOMB_EVADE,"('WAIT', 3, 1)",18.79323276338062
BOMB_EVADE,"('WAIT', 3, 1)",18.31622133667311
BOMB_EVADE,"('WAIT', 3, 1)",17.85070575321312
BOMB_EVADE,"('WAIT', 3, 1)",17.39640896636283
BOMB_EVADE,"('WAIT', 3, 1)",16.95306060623165
BOMB_EVADE,"('WAIT', 3, 1)",16.520396818768454
BOMB_EVADE,"('WAIT', 3, 1)",0.6564892930564845
BOMB_EVADE,"('MOVE', 2, 1)",0.5670113395534315
BOMB_EVADE,"('MOVE', 3, 1)",0.48236668270774885
BLOCKED_PATH,"('BOMB', 3, 1)",16.178023497304977
BOMB_EVADE,"('MOVE', 4, 0)",21.017962288415752
BOMB_EVADE,"('WAIT', 4, 0)",21.773709844338043
BOMB_EVADE,"('WAIT', 4, 0)",21.158630423334447
BOMB_EVADE,"('WAIT', 4, 0)",20.560163258161293
BOMB_EVADE,"('WAIT', 4, 0)",19.97785967985915
BOMB_EVADE,"('WAIT', 4, 0)",19.411283137259076
BOMB_EVADE,"('WAIT', 4, 0)",18.860008869701527
BOMB_EVADE,"('WAIT', 4, 0)",18.323623588594632
BOMB_EVADE,"('WAIT', 4, 0)",17.80172516757303
BOMB_EVADE,"('WAIT', 4, 0)",17.293922341025006
BOMB_EVADE,"('WAIT', 4, 0)",16.799834410761864
BOMB_EVADE,"('WAIT', 4, 0)",5.471012672285003
BOMB_EVADE,"('MOVE', 5, 0)",5.102648931521964
BOMB_EVADE,"('MOVE', 6, 0)",4.755254373231725
BLOCKED_PATH,"('BOMB', 6, 0)",19.190343528356095
BOMB_EVADE,"('MOVE', 7, 1)",19.457202831516533
BOMB_EVADE,"('WAIT', 7, 1)",20.16917605967666
BOMB_EVADE,"('WAIT', 7, 1)",19.659004780676142
BOMB_EVADE,"('WAIT', 7, 1)",19.16112848817785
BOMB_EVADE,"('WAIT', 7, 1)",18.6752508764129
BOMB_EVADE,"('WAIT', 7, 1)",18.201082780499345
BOMB_EVADE,"('WAIT', 7, 1)",17.73834200434881
BOMB_EVADE,"('WAIT', 7, 1)",17.286753152720458
BOMB_EVADE,"('WAIT', 7, 1)",16.846047467322485
BOMB_EVADE,"('WAIT', 7, 1)",16.415962666863464
BOMB_EVADE,"('WAIT', 7, 1)",15.996242790958448
BOMB_EVADE,"('WAIT', 7, 1)",4.460628067418355
BOMB_EVADE,"('WAIT', 7, 1)",4.165663393416532
BOMB_EVADE,"('WAIT', 7, 1)",3.8866317142707647
BLOCKED_PATH,"('BOMB', 7, 1)",17.39656397375585
BOMB_EVADE,"('MOVE', 6, 0)",17.326399808428043
BOMB_EVADE,"('WAIT', 6, 0)",18.181850229114545
BOMB_EVADE,"('WAIT', 6, 0)",17.66378086697087
BOMB_EVADE,"('WAIT', 6, 0)",17.15970368289063
BOMB_EVADE,"('WAIT', 6, 0)",16.669240771787628
BOMB_EVADE,"('WAIT', 6, 0)",16.192024435153474
BOMB_EVADE,"('WAIT', 6, 0)",15.727696905395176
BOMB_EVADE,"('WAIT', 6, 0)",15.27591007761788
BOMB_EVADE,"('WAIT', 6, 0)",14.836325248651745
BOMB_EVADE,"('WAIT', 6, 0)",14.40861286312722
BOMB_EVADE,"('WAIT', 6, 0)",13.992452266408407
BOMB_EVADE,"('MOVE', 7, 1)",-5.475277098962351
BLOCKED_PATH,"('BOMB', 0, 0)",16.322214925070263
BOMB_EVADE,"('MOVE', 1, 1)",-9.009736722541701
BOMB_EVADE,"('WAIT', 1, 1)",-7.611718136707594
BOMB_EVADE,"('WAIT', 1, 1)",-7.45237756111381
BOMB_EVADE,"('WAIT', 1, 1)",-7.2968770492531725
BOMB_EVADE,"('MOVE', 1, 2)",-8.664324494925298
BOMB_EVADE,"('MOVE', 1, 1)",-6.659275868920373
BOMB_EVADE,"('WAIT', 1, 1)",-6.522888888145838
BOMB_EVADE,"('MOVE', 2, 0)",-51.28020004730216
BOMB_EVADE,"('MOVE', 1, 1)",4.470254550736603
BOMB_EVADE,"('WAIT', 1, 1)",5.543409080954309
BOMB_EVADE,"('WAIT', 1, 1)",5.3857147346820025
BOMB_EVADE,"('MOVE', 2, 1)",-29.774458628425776
BOMB_EVADE,"('MOVE', 1, 1)",-28.220159616641006
BOMB_EVADE,"('WAIT', 1, 1)",-26.749818584717186
BLOCKED_PATH,"('MOVE', 0, 0)",0.8423613675951633
BLOCKED_PATH,"('BOMB', 0, 0)",2.924317403539346
BOMB_EVADE,"('MOVE', 1, 1)",10.448887171550469
BOMB_EVADE,"('WAIT', 1, 1)",11.37795831173748
BOMB_EVADE,"('MOVE', 2, 0)",-19.503411445562552
BOMB_EVADE,"('MOVE', 1, 1)",17.830509334403736
BOMB_EVADE,"('WAIT', 1, 1)",18.581685425236664
BOMB_EVADE,"('WAIT', 1, 1)",18.109772230778056
BOMB_EVADE,"('WAIT', 1, 1)",17.649232013582015
BOMB_EVADE,"('WAIT', 1, 1)",17.199790688046935
BOMB_EVADE,"('WAIT', 1, 1)",16.761180773958273
BOMB_EVADE,"('WAIT', 1, 1)",16.333141237300552
BOMB_EVADE,"('WAIT', 1, 1)",15.915417334905774
BOMB_EVADE,"('WAIT', 1, 1)",-11.197306406128183
BOMB_EVADE,"('WAIT', 1, 1)",-10.64648237588026
BOMB_EVADE,"('WAIT', 1, 1)",-10.12541199823576
BLOCKED_PATH,"('MOVE', 0, 0)",3.108178787455131
BLOCKED_PATH,"('BOMB', 0, 0)",7.567736664033648
BOMB_EVADE,"('MOVE', 1, 1)",14.594417496209726
BOMB_EVADE,"('WAIT', 1, 1)",15.423582503918803
BOMB_EVADE,"('WAIT', 1, 1)",15.027778715043196
BOMB_EVADE,"('WAIT', 1, 1)",14.641513687838554
BOMB_EVADE,"('WAIT', 1, 1)",14.264557540790923
BOMB_EVADE,"('WAIT', 1, 1)",13.896685932467156
BOMB_EVADE,"('WAIT', 1, 1)",13.537679928000495
BOMB_EVADE,"('WAIT', 1, 1)",13.187325868793833
BOMB_EVADE,"('WAIT', 1, 1)",12.84541524536307
BOMB_EVADE,"('MOVE', 2, 0)",-9.842808776677806
BOMB_EVADE,"('MOVE', 1, 1)",17.119811636059513
BLOCKED_PATH,"('MOVE', 1, 0)",4.836219099830452
BLOCKED_PATH,"('MOVE', 2, 1)",4.266501631029732
BLOCKED_PATH,"('MOVE', 2, 0)",4.763059576469372
BLOCKED_PATH,"('MOVE', 1, 0)",4.46521202752497
BLOCKED_PATH,"('MOVE', 2, 0)",4.313972503549971
BLOCKED_PATH,"('WAIT', 2, 0)",4.166918250612398
BLOCKED_PATH,"('MOVE', 3, 0)",4.023933449161933
BLOCKED_PATH,"('WAIT', 3, 0)",3.8849054847377564
BLOCKED_PATH,"('MOVE', 4, 0)",3.7497248592736843
BLOCKED_PATH,"('MOVE', 3, 1)",3.2768869703810437
BLOCKED_PATH,"('MOVE', 2, 0)",3.716699832850994
BLOCKED_PATH,"('MOVE', 3, 0)",3.447808333321406
BLOCKED_PATH,"('MOVE', 4, 0)",3.324723554235863
BLOCKED_PATH,"('MOVE', 5, 0)",3.205044916266843
BLOCKED_PATH,"('WAIT', 5, 0)",3.088678160827769
BLOCKED_PATH,"('MOVE', 6, 0)",2.975531637762203
BLOCKED_PATH,"('WAIT', 6, 0)",2.8655162331604176
BLOCKED_PATH,"('MOVE', 7, 0)",2.7585452991735133
BLOCKED_PATH,"('MOVE', 6, 0)",2.6545345857697917
BLOCKED_PATH,"('WAIT', 6, 0)",2.5534021743796527
BLOCKED_PATH,"('MOVE', 7, 0)",2.455068413376736
BLOCKED_PATH,"('MOVE', 6, 0)",2.3594558553445104
BLOCKED_PATH,"('WAIT', 6, 0)",2.2664891960788824
BLOCKED_PATH,"('MOVE', 7, 0)",2.176095215278805
BLOCKED_PATH,"('MOVE', 6, 0)",2.0882027188781533
BLOCKED_PATH,"('MOVE', 5, 0)",2.0027424829734644
BLOCKED_PATH,"('MOVE', 4, 1)",1.6855835037943656
BLOCKED_PATH,"('MOVE', 3, 0)",2.034274523719332
BLOCKED_PATH,"('MOVE', 4, 0)",1.811940998810866
BLOCKED_PATH,"('WAIT', 4, 0)",1.7341257894531914
BLOCKED_PATH,"('MOVE', 5, 0)",1.6584639705151376
BLOCKED_PATH,"('MOVE', 6, 0)",1.5848959509432643
BLOCKED_PATH,"('MOVE', 7, 0)",1.5133637887551115
BLOCKED_PATH,"('WAIT', 7, 0)",1.443811145404243
BLOCKED_PATH,"('MOVE', 6, 0)",1.3761832414081532
BLOCKED_PATH,"('MOVE', 7, 0)",1.3104268132040884
BLOCKED_PATH,"('MOVE', 6, 0)",1.2464900711988005
BLOCKED_PATH,"('WAIT', 6, 0)",1.1843226589791995
BLOCKED_PATH,"('MOVE', 6, 1)",0.9402439518801864
BLOCKED_PATH,"('MOVE', 6, 0)",1.246059679574317
BLOCKED_PATH,"('MOVE', 5, 0)",1.0455385266686457
BLOCKED_PATH,"('MOVE', 6, 0)",0.9889320727034938
BLOCKED_PATH,"('MOVE', 5, 0)",0.933892096508735
BLOCKED_PATH,"('MOVE', 6, 0)",0.8803752487410833
BLOCKED_PATH,"('MOVE', 5, 0)",0.8283393796692733
BLOCKED_PATH,"('MOVE', 4, 0)",0.7777435059770406
BLOCKED_PATH,"('MOVE', 3, 0)",0.7285477784847674
BLOCKED_PATH,"('WAIT', 3, 0)",0.6807134507643717
BLOCKED_PATH,"('MOVE', 4, 0)",0.6342028486227205
BLOCKED_PATH,"('WAIT', 4, 0)",0.5889793404295323
BLOCKED_PATH,"('BOMB', 4, 0)",-1.5632498528423548
BOMB_EVADE,"('MOVE', 3, 1)",-11.105738536619647
BOMB_EVADE,"('MOVE', 2, 2)",-10.209493945344455
BOMB_EVADE,"('MOVE', 3, 1)",-9.334325345412939
BOMB_EVADE,"('WAIT', 3, 1)",-9.133470413265869
BOMB_EVADE,"('WAIT', 3, 1)",-8.937456029345057
BOMB_EVADE,"('WAIT', 3, 1)",-8.746165537779124
BOMB_EVADE,"('MOVE', 4, 0)",-24.700342203422533
BOMB_EVADE,"('MOVE', 3, 1)",-5.025615964425297
BOMB_EVADE,"('MOVE', 4, 1)",-16.306963470640092
BOMB_EVADE,"('MOVE', 5, 1)",-1.348414476577942
BOMB_EVADE,"('WAIT', 5, 1)",-0.13503163462163148
BOMB_EVADE,"('MOVE', 6, 1)",-19.266534046212108
BOMB_EVADE,"('WAIT', 6, 1)",-18.279837608812837
BOMB_EVADE,"('MOVE', 5, 1)",-17.346439178419903
BLOCKED_PATH,"('MOVE', 4, 2)",-1.3374556800474653
BLOCKED_PATH,"('WAIT', 4, 2)",-0.6268385045026144
BLOCKED_PATH,"('BOMB', 4, 2)",2.7385900880901435
BOMB_EVADE,"('MOVE', 3, 1)",4.429562409893603
BOMB_EVADE,"('WAIT', 3, 1)",5.503697609433564
BOMB_EVADE,"('WAIT', 3, 1)",5.346960298624499
BOMB_EVADE,"('WAIT', 3, 1)",5.194000313588397
BOMB_EVADE,"('WAIT', 3, 1)",5.044726621820477
BOMB_EVADE,"('MOVE', 4, 1)",-4.72758612755807
BOMB_EVADE,"('MOVE', 4, 0)",-1.7672317263447939
BOMB_EVADE,"('MOVE', 5, 1)",7.47643821053147
BOMB_EVADE,"('WAIT', 5, 1)",8.477144547285976
BOMB_EVADE,"('WAIT', 5, 1)",8.24874798894418
BOMB_EVADE,"('WAIT', 5, 1)",8.025855724390677
BOMB_EVADE,"('MOVE', 5, 0)",-7.52201896696292
BOMB_EVADE,"('MOVE', 6, 0)",-7.1507516822784645
BOMB_EVADE,"('BOMB', 6, 0)",-16.168218006535138
BOMB_EVADE,"('MOVE', 5, 1)",10.341895279242117
BOMB_EVADE,"('MOVE', 6, 0)",11.276396561325974
BOMB_EVADE,"('MOVE', 7, 1)",10.198483064941898
BOMB_EVADE,"('WAIT', 7, 1)",11.133588874734158
BOMB_EVADE,"('WAIT', 7, 1)",10.841172743958017
BOMB_EVADE,"('WAIT', 7, 1)",10.555803760931882
BOMB_EVADE,"('WAIT', 7, 1)",10.277312091347097
BOMB_EVADE,"('MOVE', 7, 2)",8.976805859591911
BOMB_EVADE,"('MOVE', 7, 1)",9.989176911436303
BOMB_EVADE,"('MOVE', 6, 2)",6.34301109516447
BOMB_EVADE,"('MOVE', 7, 1)",9.566975749767282
BLOCKED_PATH,"('MOVE', 1, 0)",-0.13825779449249992
BLOCKED_PATH,"('MOVE', 2, 0)",-0.16210489873909245
BLOCKED_PATH,"('MOVE', 1, 0)",-0.18529207896512145
BLOCKED_PATH,"('MOVE', 2, 0)",-0.20783759733392604
BLOCKED_PATH,"('MOVE', 3, 0)",-0.2297592106376215
BLOCKED_PATH,"('WAIT', 3, 0)",-0.2510741842823034
BLOCKED_PATH,"('WAIT', 3, 0)",-0.27179930588623635
BLOCKED_PATH,"('WAIT', 3, 0)",-0.29195089850173905
BLOCKED_PATH,"('MOVE', 4, 1)",-0.4148657336229184
BLOCKED_PATH,"('MOVE', 4, 0)",-0.17296617448089296
BLOCKED_PATH,"('MOVE', 5, 0)",-0.33421844017877617
BLOCKED_PATH,"('WAIT', 5, 0)",-0.3526426999644106
BLOCKED_PATH,"('WAIT', 5, 0)",-0.37055710281027077
BLOCKED_PATH,"('MOVE', 6, 0)",-0.38797575805383144
BLOCKED_PATH,"('BOMB', 6, 0)",-7.287913619516755
BOMB_EVADE,"('MOVE', 7, 1)",-16.838361896298515
BOMB_EVADE,"('MOVE', 6, 1)",-17.729105162577486
BOMB_EVADE,"('MOVE', 5, 2)",-14.495964070669453
BOMB_EVADE,"('MOVE', 4, 2)",-13.124029112909838
BOMB_EVADE,"('MOVE', 5, 2)",-12.862069481107353
BOMB_EVADE,"('MOVE', 4, 2)",-12.605769918911681
BOMB_EVADE,"('MOVE', 5, 2)",-12.355008131190043
BOMB_EVADE,"('MOVE', 4, 2)",-12.109664465197572
BOMB_EVADE,"('WAIT', 4, 2)",-11.869621853484162
BOMB_EVADE,"('MOVE', 5, 2)",-11.63476575803492
BOMB_EVADE,"('WAIT', 5, 2)",-11.404984115617545
BOMB_EVADE,"('BOMB', 5, 2)",-10.388434477871119
BOMB_EVADE,"('MOVE', 4, 1)",-8.48381653268724
BOMB_EVADE,"('WAIT', 4, 1)",-7.0984724777443615
BOMB_EVADE,"('WAIT', 4, 1)",-6.951500980358278
BOMB_EVADE,"('WAIT', 4, 1)",-6.808071455346874
BOMB_EVADE,"('MOVE', 5, 0)",-9.753884640741237
BOMB_EVADE,"('MOVE', 6, 1)",-6.501062902160653
BOMB_EVADE,"('MOVE', 7, 0)",-5.888611333104852
BOMB_EVADE,"('MOVE', 6, 1)",-4.871339763150545
BOMB_EVADE,"('WAIT', 6, 1)",-4.778041547251903
BOMB_EVADE,"('WAIT', 6, 1)",-4.686991792512037
BOMB_EVADE,"('WAIT', 6, 1)",-4.598136311639864
BOMB_EVADE,"('BOMB', 6, 1)",-7.6771634378635
BOMB_EVADE,"('MOVE', 7, 0)",-1.5384332895525792
BOMB_EVADE,"('WAIT', 7, 0)",-0.17347560375441406
BOMB_EVADE,"('WAIT', 7, 0)",-0.19579863107683643
BOMB_EVADE,"('MOVE', 6, 0)",-1.5180636841537598
BOMB_EVADE,"('MOVE', 5, 0)",-0.6976463445271547
BOMB_EVADE,"('WAIT', 5, 0)",0.6446031066061962
BOMB_EVADE,"('WAIT', 5, 0)",0.6001851556660012
BOMB_EVADE,"('WAIT', 5, 0)",0.5569668585254376
BOMB_EVADE,"('WAIT', 5, 0)",0.514915814562493
BOMB_EVADE,"('WAIT', 5, 0)",0.4740004982412067
BOMB_EVADE,"('WAIT', 5, 0)",0.4341902354770744
BOMB_EVADE,"('BOMB', 5, 0)",-4.253355714152065
BOMB_EVADE,"('MOVE', 4, 1)",-2.6713805614653614
BLOCKED_PATH,"('MOVE', 1, 1)",-2.5676265477650233
BLOCKED_PATH,"('MOVE', 2, 2)",-2.367598436979269
BLOCKED_PATH,"('MOVE', 1, 2)",-2.231603467591152
BLOCKED_PATH,"('WAIT', 1, 2)",-2.2052996927016015
BLOCKED_PATH,"('MOVE', 2, 2)",-2.179557696494595
BLOCKED_PATH,"('MOVE', 1, 2)",-2.154365480871401
BLOCKED_PATH,"('MOVE', 0, 2)",-2.1297113039807676
BLOCKED_PATH,"('MOVE', 1, 2)",-2.1055836747461645
BLOCKED_PATH,"('MOVE', 2, 2)",-2.081971347509896
BLOCKED_PATH,"('WAIT', 2, 2)",-2.05886331679161
BLOCKED_PATH,"('MOVE', 1, 2)",-2.036248812158748
BLOCKED_PATH,"('MOVE', 0, 2)",-2.0141172932065485
BLOCKED_PATH,"('MOVE', 1, 2)",-1.9924584446452673
BLOCKED_PATH,"('WAIT', 1, 2)",-1.9712621714923173
BLOCKED_PATH,"('WAIT', 1, 2)",-1.9505185943670935
BLOCKED_PATH,"('MOVE', 0, 2)",-1.9302180448862893
BLOCKED_PATH,"('MOVE', 1, 1)",-1.9110365856992038
BLOCKED_PATH,"('MOVE', 1, 2)",-2.003316612847198
BLOCKED_PATH,"('MOVE', 0, 1)",-1.8737526355817804
BLOCKED_PATH,"('MOVE', 0, 2)",-1.9687802580351406
BLOCKED_PATH,"('MOVE', 0, 1)",-1.8380174926375763
BLOCKED_PATH,"('MOVE', 1, 2)",-1.9353983736638176
BLOCKED_PATH,"('MOVE', 1, 1)",-1.8034882304670614
BLOCKED_PATH,"('MOVE', 0, 2)",-1.903134433725526
BLOCKED_PATH,"('MOVE', 1, 1)",-1.7701267007197408
BLOCKED_PATH,"('WAIT', 1, 1)",-1.8716008221616
BLOCKED_PATH,"('MOVE', 0, 0)",-1.8485675315586143
BLOCKED_PATH,"('MOVE', 1, 1)",-1.9579392444902581
BLOCKED_PATH,"('MOVE', 1, 2)",-1.8156355954489902
BLOCKED_PATH,"('MOVE', 2, 1)",-1.6784244847305858
BLOCKED_PATH,"('MOVE', 2, 0)",-1.7753771099883453
BLOCKED_PATH,"('MOVE', 3, 1)",-1.89050414479073
BLOCKED_PATH,"('MOVE', 2, 0)",-1.739141071043329
BLOCKED_PATH,"('MOVE', 3, 0)",-1.8570523749222132
BLOCKED_PATH,"('WAIT', 3, 0)",-1.8333350529679941
BLOCKED_PATH,"('WAIT', 3, 0)",-1.8102740635520655
BLOCKED_PATH,"('MOVE', 2, 0)",-1.7878512438986447
BLOCKED_PATH,"('MOVE', 1, 0)",-1.7660489338528067
BLOCKED_PATH,"('WAIT', 1, 0)",-1.7448499619713949
BLOCKED_PATH,"('MOVE', 2, 0)",-1.7242376319988346
BLOCKED_PATH,"('MOVE', 3, 0)",-1.7041957097172051
BLOCKED_PATH,"('MOVE', 4, 0)",-1.6847084101602108
BLOCKED_PATH,"('MOVE', 3, 0)",-1.6657603851809852
BLOCKED_PATH,"('MOVE', 2, 0)",-1.647336711363927
BLOCKED_PATH,"('WAIT', 2, 0)",-1.6294228782710585
BLOCKED_PATH,"('MOVE', 1, 0)",-1.61200477701364
BLOCKED_PATH,"('WAIT', 1, 0)",-1.5950686891400494
BLOCKED_PATH,"('MOVE', 0, 0)",-1.5786012758311603
BLOCKED_PATH,"('WAIT', 0, 0)",-1.5625895673947245
BLOCKED_PATH,"('MOVE', 1, 0)",-1.547020953050477
BLOCKED_PATH,"('MOVE', 0, 0)",-1.531883170997917
BLOCKED_PATH,"('WAIT', 0, 0)",-1.5171642987589442
BLOCKED_PATH,"('BOMB', 0, 0)",-13.165821231012613
BOMB_EVADE,"('MOVE', 1, 1)",-24.114401149021706
BOMB_EVADE,"('MOVE', 2, 2)",-21.35652794213108
BOMB_EVADE,"('MOVE', 1, 2)",-20.916691604323262
BOMB_EVADE,"('WAIT', 1, 2)",-20.48635865553179
BOMB_EVADE,"('MOVE', 2, 1)",-21.261125253566036
BOMB_EVADE,"('MOVE', 2, 2)",-19.353763525448958
BOMB_EVADE,"('WAIT', 2, 2)",-18.957200213818762
BOMB_EVADE,"('MOVE', 1, 2)",-18.569205306151765
BOMB_EVADE,"('MOVE', 2, 2)",-18.1895936679579
BOMB_EVADE,"('WAIT', 2, 2)",-17.81818416488291
BOMB_EVADE,"('WAIT', 2, 2)",-17.454799576278795
BOMB_EVADE,"('MOVE', 1, 2)",-22.647238150630656
BOMB_EVADE,"('WAIT', 1, 2)",-21.53729250473544
BOMB_EVADE,"('MOVE', 2, 2)",-20.484258476307037
BLOCKED_PATH,"('WAIT', 2, 2)",-3.6364485359756804
BLOCKED_PATH,"('MOVE', 1, 2)",-3.580141006301518
BLOCKED_PATH,"('BOMB', 1, 2)",-20.288934088849558
BOMB_EVADE,"('MOVE', 0, 3)",-9.408524156418995
BOMB_EVADE,"('MOVE', 1, 4)",-7.768216342241305
BOMB_EVADE,"('MOVE', 0, 4)",-7.587792394134558
BOMB_EVADE,"('WAIT', 0, 4)",-7.411986499436416
BOMB_EVADE,"('MOVE', 1, 5)",-6.818189142686046
BOMB_EVADE,"('MOVE', 2, 4)",-7.090375066277701
BOMB_EVADE,"('MOVE', 2, 5)",-6.522445063826787
BOMB_EVADE,"('MOVE', 3, 6)",-5.989791003509324
BOMB_EVADE,"('MOVE', 2, 6)",-5.923444751939117
BOMB_EVADE,"('MOVE', 3, 6)",-5.8579806665947745
BOMB_EVADE,"('MOVE', 4, 6)",-5.793387017842267
BOMB_EVADE,"('WAIT', 4, 6)",-4.21473346327217
BOMB_EVADE,"('MOVE', 3, 6)",-4.079821518760887
BOMB_EVADE,"('MOVE', 2, 6)",-3.9505713913115037
BLOCKED_PATH,"('MOVE', 2, 5)",-0.6261713889965859
BLOCKED_PATH,"('MOVE', 3, 5)",-0.6969526033743837
BLOCKED_PATH,"('WAIT', 3, 5)",-0.7013094343674223
BLOCKED_PATH,"('BOMB', 3, 5)",-10.51809858861749
BOMB_EVADE,"('MOVE', 4, 6)",-3.2630774189096448
BOMB_EVADE,"('MOVE', 5, 6)",-2.5863313611984964
BOMB_EVADE,"('MOVE', 6, 6)",-2.518939693727074
BOMB_EVADE,"('MOVE', 7, 6)",-2.4510726581149616
BOMB_EVADE,"('WAIT', 7, 6)",-2.4317786172314384
BOMB_EVADE,"('WAIT', 7, 6)",-2.4127411176117404
BOMB_EVADE,"('WAIT', 7, 6)",-2.393956748180892
BOMB_EVADE,"('WAIT', 7, 6)",-2.3754221432189304
BOMB_EVADE,"('WAIT', 7, 6)",-2.3571339817578476
BOMB_EVADE,"('WAIT', 7, 6)",-2.339088986986552
BOMB_EVADE,"('WAIT', 7, 6)",-2.321283925663739
BOMB_EVADE,"('MOVE', 6, 6)",1.2638486985968922
BOMB_EVADE,"('MOVE', 7, 6)",1.1688423058441417
BOMB_EVADE,"('MOVE', 6, 6)",1.0778230234797685
BLOCKED_PATH,"('MOVE', 7, 5)",0.3699669270628967
BLOCKED_PATH,"('WAIT', 7, 5)",0.27838762415027496
BLOCKED_PATH,"('MOVE', 6, 5)",0.26000858877814226
BLOCKED_PATH,"('WAIT', 6, 5)",0.2418937838591435
BLOCKED_PATH,"('WAIT', 6, 5)",0.2240394106230522
BLOCKED_PATH,"('MOVE', 7, 5)",0.20644172491354074
BLOCKED_PATH,"('MOVE', 6, 5)",0.1890970364030109
BLOCKED_PATH,"('WAIT', 6, 5)",0.17200170781871277
BLOCKED_PATH,"('MOVE', 7, 5)",0.15515215417998943
BLOCKED_PATH,"('MOVE', 6, 5)",0.13854484204648765
BLOCKED_PATH,"('MOVE', 6, 4)",-0.01234949709315146
BLOCKED_PATH,"('MOVE', 7, 4)",-0.09055334175170192
BLOCKED_PATH,"('MOVE', 6, 5)",0.05445021490835006
BLOCKED_PATH,"('MOVE', 5, 5)",0.11117432400703614
BLOCKED_PATH,"('MOVE', 4, 5)",0.0951992693211732
BLOCKED_PATH,"('MOVE', 3, 4)",0.7794226241697132
BLOCKED_PATH,"('WAIT', 3, 4)",1.3582721507574629
BLOCKED_PATH,"('BOMB', 3, 4)",5.939358036301588
BOMB_EVADE,"('MOVE', 4, 5)",-0.762115728242374
BOMB_EVADE,"('MOVE', 4, 6)",0.05186521577576199
BOMB_EVADE,"('MOVE', 5, 6)",0.03892814774793821
BOMB_EVADE,"('MOVE', 6, 6)",0.11828352588981547
BOMB_EVADE,"('MOVE', 7, 6)",0.19641036986647883
BOMB_EVADE,"('WAIT', 7, 6)",0.18050242035024866
BOMB_EVADE,"('WAIT', 7, 6)",0.16480598927633958
BOMB_EVADE,"('WAIT', 7, 6)",0.1493182642111694
BOMB_EVADE,"('WAIT', 7, 6)",0.13403647011639483
BOMB_EVADE,"('WAIT', 7, 6)",0.11895786885168932
BOMB_EVADE,"('WAIT', 7, 6)",0.10407975868413222
BOMB_EVADE,"('WAIT', 7, 6)",1.4908741106637307
BOMB_EVADE,"('MOVE', 7, 5)",1.3754235438588966
BOMB_EVADE,"('MOVE', 7, 6)",1.288503733078781
BLOCKED_PATH,"('MOVE', 7, 5)",0.061434773997558506
BLOCKED_PATH,"('MOVE', 6, 5)",-0.025708845052434093
BLOCKED_PATH,"('MOVE', 7, 5)",-0.039715967196971125
BLOCKED_PATH,"('MOVE', 6, 5)",-0.05352171271012268
BLOCKED_PATH,"('WAIT', 6, 5)",-0.06712897672960871
BLOCKED_PATH,"('MOVE', 7, 5)",-0.0805406127705321
BLOCKED_PATH,"('MOVE', 6, 5)",-0.0937594333237757
BLOCKED_PATH,"('MOVE', 7, 5)",-0.10678821044579678
BLOCKED_PATH,"('WAIT', 7, 5)",-0.11962967633994173
BLOCKED_PATH,"('MOVE', 6, 5)",-0.13228652392940352
BLOCKED_PATH,"('WAIT', 6, 5)",-0.14476140742194196
BLOCKED_PATH,"('WAIT', 6, 5)",-0.15705694286648528
BLOCKED_PATH,"('WAIT', 6, 5)",-0.16917570870172885
BLOCKED_PATH,"('MOVE', 7, 5)",-0.18112024629684803
BLOCKED_PATH,"('MOVE', 6, 5)",-0.19289306048443622
BLOCKED_PATH,"('MOVE', 5, 5)",-0.2044966200857819
BLOCKED_PATH,"('MOVE', 4, 5)",-0.215933358428593
BLOCKED_PATH,"('MOVE', 3, 4)",0.4128781737320472
BLOCKED_PATH,"('BOMB', 3, 4)",2.5241300486756533
BOMB_EVADE,"('MOVE', 4, 5)",-0.2915216221707295
BOMB_EVADE,"('MOVE', 5, 5)",0.47462333402607715
BOMB_EVADE,"('MOVE', 6, 5)",0.5203201039069563
BOMB_EVADE,"('MOVE', 7, 5)",0.5646832489176123
BOMB_EVADE,"('WAIT', 7, 5)",0.5406278693289899
BOMB_EVADE,"('WAIT', 7, 5)",0.5169423162132671
BOMB_EVADE,"('WAIT', 7, 5)",0.4936209038725922
BOMB_EVADE,"('MOVE', 7, 4)",-30.722149134323303
BOMB_EVADE,"('MOVE', 7, 5)",5.085386668584681
BOMB_EVADE,"('WAIT', 7, 5)",5.760528230882064
BOMB_EVADE,"('WAIT', 7, 5)",5.656592132041633
BOMB_EVADE,"('WAIT', 7, 5)",8.405444623457463
BOMB_EVADE,"('WAIT', 7, 5)",7.991188198213767
BOMB_EVADE,"('WAIT', 7, 5)",7.595177416076375
BLOCKED_PATH,"('MOVE', 6, 5)",-0.4516726117216756
BLOCKED_PATH,"('MOVE', 7, 5)",-0.45955576724844716
BLOCKED_PATH,"('MOVE', 6, 5)",-0.46732558876639874
BLOCKED_PATH,"('WAIT', 6, 5)",-0.4749837056481228
BLOCKED_PATH,"('WAIT', 6, 5)",-0.4825317238411596
BLOCKED_PATH,"('MOVE', 5, 4)",-0.6529146408115604
BLOCKED_PATH,"('MOVE', 6, 5)",-0.5493088504293018
BLOCKED_PATH,"('WAIT', 6, 5)",-0.48390465947714645
BLOCKED_PATH,"('MOVE', 7, 5)",-0.4913244235140263
BLOCKED_PATH,"('MOVE', 6, 5)",-0.4986375155970242
BLOCKED_PATH,"('MOVE', 7, 5)",-0.5058454693201584
BLOCKED_PATH,"('WAIT', 7, 5)",-0.5129497962293782
BLOCKED_PATH,"('WAIT', 7, 5)",-0.5199519861395432
BLOCKED_PATH,"('WAIT', 7, 5)",-0.5268535074468446
BLOCKED_PATH,"('MOVE', 6, 5)",-0.5336558074367361
BLOCKED_PATH,"('WAIT', 6, 5)",-0.5403603125874378
BLOCKED_PATH,"('MOVE', 5, 6)",-0.5964963898223067
BLOCKED_PATH,"('MOVE', 6, 5)",-0.48076273440363915
BLOCKED_PATH,"('MOVE', 5, 5)",-0.5601113255627669
BLOCKED_PATH,"('MOVE', 6, 5)",-0.566435486837917
BLOCKED_PATH,"('MOVE', 7, 5)",-0.5726687273457043
BLOCKED_PATH,"('WAIT', 7, 5)",-0.5788123542295708
BLOCKED_PATH,"('MOVE', 7, 4)",-0.7538647205206404
BLOCKED_PATH,"('WAIT', 7, 4)",-0.8148500546796066
BLOCKED_PATH,"('MOVE', 7, 5)",-0.620848856008672
BLOCKED_PATH,"('WAIT', 7, 5)",-0.5544161536189628
BLOCKED_PATH,"('WAIT', 7, 5)",-0.5608221928508674
BLOCKED_PATH,"('WAIT', 7, 5)",-0.5671361341780254
BLOCKED_PATH,"('WAIT', 7, 5)",-0.5733593016672667
BLOCKED_PATH,"('WAIT', 7, 5)",-0.579493000349668
BLOCKED_PATH,"('MOVE', 6, 6)",-0.6316156832651891
BLOCKED_PATH,"('MOVE', 7, 5)",-0.5192794852667288
BLOCKED_PATH,"('WAIT', 7, 5)",-0.5980743314480741
BLOCKED_PATH,"('WAIT', 7, 5)",-0.6038527087881973
BLOCKED_PATH,"('MOVE', 6, 5)",-0.6095480119499405
BLOCKED_PATH,"('WAIT', 6, 5)",-0.615161435268444
BLOCKED_PATH,"('MOVE', 6, 4)",-0.7918235656347207
BLOCKED_PATH,"('MOVE', 6, 5)",-0.6767812053333753
BLOCKED_PATH,"('MOVE', 7, 5)",-0.6095443785863387
BLOCKED_PATH,"('WAIT', 7, 5)",-0.6151578541407345
BLOCKED_PATH,"('WAIT', 7, 5)",-0.6206906262654149
BLOCKED_PATH,"('WAIT', 7, 5)",-0.6261438552119039
BLOCKED_PATH,"('WAIT', 7, 5)",-0.631518684551101
BLOCKED_PATH,"('MOVE', 7, 6)",-0.6784447775617098
BLOCKED_PATH,"('MOVE', 6, 5)",-0.5704680375412323
BLOCKED_PATH,"('MOVE', 7, 5)",-0.6485269596607919
BLOCKED_PATH,"('WAIT', 7, 5)",-0.6535799931216242
BLOCKED_PATH,"('MOVE', 6, 5)",-0.6585603804781306
BLOCKED_PATH,"('MOVE', 5, 5)",-0.6634691661438327
BLOCKED_PATH,"('WAIT', 5, 5)",-0.6683073795170005
BLOCKED_PATH,"('MOVE', 4, 4)",-0.8475320212125671
BLOCKED_PATH,"('MOVE', 3, 4)",-0.19965501853421064
BLOCKED_PATH,"('BOMB', 3, 4)",1.001241286963008
BOMB_EVADE,"('MOVE', 4, 4)",-18.66793665602919
BOMB_EVADE,"('MOVE', 3, 5)",-10.359336530325432
BOMB_EVADE,"('MOVE', 4, 5)",8.6107718805068
BOMB_EVADE,"('MOVE', 5, 5)",9.227025135911852
BOMB_EVADE,"('MOVE', 6, 5)",9.124534909495452
BOMB_EVADE,"('MOVE', 7, 5)",9.016809992487245
BOMB_EVADE,"('WAIT', 7, 5)",8.86281194412629
BOMB_EVADE,"('WAIT', 7, 5)",8.711181455788616
BOMB_EVADE,"('WAIT', 7, 5)",8.561882128698237
BOMB_EVADE,"('WAIT', 7, 5)",8.414878123672542
BOMB_EVADE,"('WAIT', 7, 5)",8.270134152519129
BOMB_EVADE,"('WAIT', 7, 5)",8.448255750493386
BOMB_EVADE,"('BOMB', 7, 5)",3.291018326734516
BOMB_EVADE,"('MOVE', 6, 6)",7.387954503534067
BOMB_EVADE,"('MOVE', 5, 6)",7.900820256376067
BOMB_EVADE,"('MOVE', 4, 6)",7.801730062540876
BOMB_EVADE,"('MOVE', 3, 6)",7.6979001004534595
BOMB_EVADE,"('MOVE', 2, 5)",8.301920552367486
BOMB_EVADE,"('MOVE', 1, 4)",8.88223647509983
BOMB_EVADE,"('MOVE', 0, 3)",9.432436744522386
BOMB_EVADE,"('MOVE', 1, 4)",8.702075567667457
BOMB_EVADE,"('MOVE', 1, 3)",9.239797884793767
BOMB_EVADE,"('MOVE', 2, 4)",8.532104189093126
BOMB_EVADE,"('MOVE', 3, 3)",9.071530960142166
BOMB_EVADE,"('MOVE', 3, 2)",13.379468201468608
BOMB_EVADE,"('MOVE', 4, 1)",13.78207980346481
BOMB_EVADE,"('MOVE', 3, 0)",14.127200692183884
BLOCKED_PATH,"('BOMB', 3, 0)",2.5639503148906124
BOMB_EVADE,"('MOVE', 2, 1)",9.819025896183529
BOMB_EVADE,"('WAIT', 2, 1)",10.763276518630077
BOMB_EVADE,"('WAIT', 2, 1)",10.479784813056444
BOMB_EVADE,"('MOVE', 1, 1)",10.03418781055311
BOMB_EVADE,"('MOVE', 2, 1)",9.973055786972445
BOMB_EVADE,"('MOVE', 3, 1)",-3.317035083652314
BOMB_EVADE,"('MOVE', 2, 1)",11.86668594650759
BOMB_EVADE,"('WAIT', 2, 1)",12.761588528960177
BOMB_EVADE,"('WAIT', 2, 1)",12.42993805748662
BOMB_EVADE,"('WAIT', 2, 1)",12.106280270505643
BOMB_EVADE,"('MOVE', 3, 2)",0.5837460563311669
BLOCKED_PATH,"('MOVE', 1, 0)",1.661708117897268
BLOCKED_PATH,"('WAIT', 1, 0)",1.5880503226125209
BLOCKED_PATH,"('MOVE', 2, 0)",1.5164308690864847
BLOCKED_PATH,"('MOVE', 1, 1)",1.2168642499040967
BLOCKED_PATH,"('BOMB', 1, 1)",-4.31501550215419
BOMB_EVADE,"('MOVE', 2, 2)",-10.478394547658059
BOMB_EVADE,"('WAIT', 2, 2)",-9.208094209811957
BOMB_EVADE,"('WAIT', 2, 2)",-9.032791145109325
BOMB_EVADE,"('WAIT', 2, 2)",-8.861232087688846
BOMB_EVADE,"('WAIT', 2, 2)",-8.693337075511335
BOMB_EVADE,"('MOVE', 2, 1)",-49.55618432260371
BOMB_EVADE,"('MOVE', 2, 0)",0.33907309504157007
BOMB_EVADE,"('WAIT', 2, 0)",1.653322505909561
BOMB_EVADE,"('WAIT', 2, 0)",1.5816607484784857
BOMB_EVADE,"('WAIT', 2, 0)",1.5119344540251194
BOMB_EVADE,"('WAIT', 2, 0)",1.4440913489648841
BOMB_EVADE,"('MOVE', 3, 0)",-0.8686976571382461
BOMB_EVADE,"('WAIT', 3, 0)",-0.8761720702845306
BOMB_EVADE,"('WAIT', 3, 0)",-0.8832210009096082
BLOCKED_PATH,"('WAIT', 3, 0)",0.22032485229866644
BLOCKED_PATH,"('MOVE', 4, 1)",0.03344398317363145
BLOCKED_PATH,"('MOVE', 3, 0)",0.32512806862191435
BLOCKED_PATH,"('MOVE', 2, 0)",0.15009197608581204
BLOCKED_PATH,"('MOVE', 1, 0)",0.975636569817163
BLOCKED_PATH,"('BOMB', 1, 0)",3.499491923433347
BOMB_EVADE,"('MOVE', 2, 1)",4.1793697951415405
BOMB_EVADE,"('WAIT', 2, 1)",5.259534567391592
BOMB_EVADE,"('WAIT', 2, 1)",5.108681518260549
BOMB_EVADE,"('WAIT', 2, 1)",4.961463985826014
BOMB_EVADE,"('WAIT', 2, 1)",4.817794355142674
BOMB_EVADE,"('MOVE', 3, 1)",4.414567315440756
BOMB_EVADE,"('MOVE', 2, 1)",4.603892645191488
BOMB_EVADE,"('WAIT', 2, 1)",4.468840384767206
BOMB_EVADE,"('WAIT', 2, 1)",4.33704284640855
BOMB_EVADE,"('WAIT', 2, 1)",4.208421592215324
BOMB_EVADE,"('WAIT', 2, 1)",4.0829000746189985
BOMB_EVADE,"('MOVE', 3, 1)",-1.9231667987095036
BOMB_EVADE,"('MOVE', 4, 1)",-1.8733004480866908
BOMB_EVADE,"('MOVE', 5, 1)",-1.8261277092011214
BLOCKED_PATH,"('MOVE', 4, 1)",0.6032841251863924
BLOCKED_PATH,"('MOVE', 3, 0)",0.8037908114264166
BLOCKED_PATH,"('WAIT', 3, 0)",0.6155086224897133
BLOCKED_PATH,"('WAIT', 3, 0)",0.570802442050178
BLOCKED_PATH,"('MOVE', 2, 0)",0.5273334215624182
BLOCKED_PATH,"('MOVE', 1, 0)",1.3881356063050792
BLOCKED_PATH,"('BOMB', 1, 0)",3.961340141589333
BOMB_EVADE,"('MOVE', 0, 1)",3.5965225315151215
BOMB_EVADE,"('WAIT', 0, 1)",4.690733761365034
BOMB_EVADE,"('WAIT', 0, 1)",4.5535886540966795
BOMB_EVADE,"('WAIT', 0, 1)",4.419748705923158
BOMB_EVADE,"('WAIT', 0, 1)",4.289134263425841
BOMB_EVADE,"('WAIT', 0, 1)",4.161667592811423
BOMB_EVADE,"('WAIT', 0, 1)",4.037272833649486
BOMB_EVADE,"('WAIT', 0, 1)",3.9158759537249686
BOMB_EVADE,"('WAIT', 0, 1)",3.7974047049786877
BOMB_EVADE,"('WAIT', 0, 1)",3.6817885805096724
BOMB_EVADE,"('WAIT', 0, 1)",3.5689587726137324
BOMB_EVADE,"('WAIT', 0, 1)",-1.596473400900181
BOMB_EVADE,"('WAIT', 0, 1)",-1.564253923566238
BOMB_EVADE,"('WAIT', 0, 1)",-1.5337748335121066
BLOCKED_PATH,"('MOVE', 1, 0)",1.635971438553554
BLOCKED_PATH,"('BOMB', 1, 0)",3.7301646798548576
BOMB_EVADE,"('MOVE', 2, 1)",3.3424161765440084
BOMB_EVADE,"('WAIT', 2, 1)",4.442751299159152
BOMB_EVADE,"('WAIT', 2, 1)",4.311582500536757
BOMB_EVADE,"('WAIT', 2, 1)",4.183574833626316
BOMB_EVADE,"('WAIT', 2, 1)",4.058652116029227
BOMB_EVADE,"('WAIT', 2, 1)",3.9367400013215974
BOMB_EVADE,"('WAIT', 2, 1)",3.8177659348077526
BOMB_EVADE,"('WAIT', 2, 1)",3.701659110340086
BOMB_EVADE,"('WAIT', 2, 1)",3.588350428179536
BOMB_EVADE,"('MOVE', 3, 1)",3.2945510071917763
BOMB_EVADE,"('MOVE', 4, 1)",3.046473083543528
BOMB_EVADE,"('MOVE', 5, 1)",-0.7689041985330078
BOMB_EVADE,"('MOVE', 6, 0)",-0.5291020360975969
BOMB_EVADE,"('WAIT', 6, 0)",-0.5559080005247283
BLOCKED_PATH,"('WAIT', 6, 0)",0.9090476008500501
BLOCKED_PATH,"('MOVE', 5, 0)",0.8562182780453631
BLOCKED_PATH,"('WAIT', 5, 0)",0.8048509079687061
BLOCKED_PATH,"('WAIT', 5, 0)",0.754905033811899
BLOCKED_PATH,"('WAIT', 5, 0)",0.7063413183332816
BLOCKED_PATH,"('MOVE', 6, 0)",0.6591215128758038
BLOCKED_PATH,"('MOVE', 7, 0)",0.6132084272424818
BLOCKED_PATH,"('MOVE', 6, 0)",0.5685659004054946
BLOCKED_PATH,"('MOVE', 5, 0)",0.5251587720258523
BLOCKED_PATH,"('MOVE', 6, 0)",0.4829528547612033
BLOCKED_PATH,"('MOVE', 5, 0)",0.44191490733997213
BLOCKED_PATH,"('WAIT', 5, 0)",0.4020126083806195
BLOCKED_PATH,"('MOVE', 6, 0)",0.3632145309354051
BLOCKED_PATH,"('MOVE', 7, 0)",0.32549011773860537
BLOCKED_PATH,"('MOVE', 6, 0)",0.2888096571396894
BLOCKED_PATH,"('BOMB', 6, 0)",-8.97156858756583
BOMB_EVADE,"('MOVE', 5, 1)",3.038128216126933
BOMB_EVADE,"('MOVE', 4, 1)",3.9797558440435794
BOMB_EVADE,"('MOVE', 5, 1)",4.061510038145415
BOMB_EVADE,"('WAIT', 5, 1)",3.9395290483064533
BOMB_EVADE,"('WAIT', 5, 1)",3.8204877665328625
BOMB_EVADE,"('MOVE', 4, 2)",3.308689066729767
BOMB_EVADE,"('MOVE', 5, 1)",3.6872821280092163
BOMB_EVADE,"('WAIT', 5, 1)",3.574319927140296
BOMB_EVADE,"('WAIT', 5, 1)",3.464080084020849
BOMB_EVADE,"('WAIT', 5, 1)",3.3564969905832274
BOMB_EVADE,"('WAIT', 5, 1)",3.251506619896041
BOMB_EVADE,"('MOVE', 4, 1)",3.2286640025402193
BOMB_EVADE,"('MOVE', 3, 1)",3.0002458638988507
BOMB_EVADE,"('MOVE', 2, 2)",2.42743955322272
BLOCKED_PATH,"('MOVE', 1, 1)",3.9341646791859004
BLOCKED_PATH,"('BOMB', 1, 1)",9.952875871734694
BOMB_EVADE,"('MOVE', 2, 0)",6.5069565564734875
BOMB_EVADE,"('WAIT', 2, 0)",7.654621857233553
BOMB_EVADE,"('WAIT', 2, 0)",7.4208751450229515
BOMB_EVADE,"('MOVE', 3, 0)",7.0389120813557655
BOMB_EVADE,"('MOVE', 2, 0)",7.013333842599922
BOMB_EVADE,"('WAIT', 2, 0)",6.796907236047708
BOMB_EVADE,"('MOVE', 1, 0)",-22.29398862586606
BOMB_EVADE,"('MOVE', 0, 0)",13.371267754800717
BOMB_EVADE,"('WAIT', 0, 0)",14.333539609068565
BOMB_EVADE,"('WAIT', 0, 0)",13.919406614086794
BOMB_EVADE,"('WAIT', 0, 0)",13.516458651517969
BOMB_EVADE,"('WAIT', 0, 0)",10.035161967916082
BOMB_EVADE,"('WAIT', 0, 0)",9.406983080268782
BOMB_EVADE,"('WAIT', 0, 0)",8.814563406308883
BLOCKED_PATH,"('MOVE', 1, 0)",4.116260589441996
BLOCKED_PATH,"('BOMB', 1, 0)",8.816047529692604
BOMB_EVADE,"('MOVE', 2, 1)",9.840889152110456
BOMB_EVADE,"('MOVE', 3, 1)",10.533092030141345
BOMB_EVADE,"('MOVE', 2, 1)",10.560452486803115
BOMB_EVADE,"('WAIT', 2, 1)",10.281848784212567
BOMB_EVADE,"('WAIT', 2, 1)",10.009959353678914
BOMB_EVADE,"('WAIT', 2, 1)",9.744622383105488
BOMB_EVADE,"('MOVE', 3, 1)",9.228912380624308
BOMB_EVADE,"('MOVE', 2, 1)",9.294200247087302
BOMB_EVADE,"('WAIT', 2, 1)",9.046112872711515
BOMB_EVADE,"('WAIT', 2, 1)",8.80400433533592
BOMB_EVADE,"('WAIT', 2, 1)",8.567730546644999
BOMB_EVADE,"('MOVE', 3, 1)",2.551717003312313
BOMB_EVADE,"('MOVE', 4, 1)",2.3598652538259133
BOMB_EVADE,"('WAIT', 4, 1)",2.1783766874835173
BLOCKED_PATH,"('MOVE', 4, 2)",3.2822960412899236
BLOCKED_PATH,"('MOVE', 5, 1)",3.7970213211794577
BLOCKED_PATH,"('MOVE', 6, 0)",5.161094875648995
BLOCKED_PATH,"('BOMB', 6, 0)",9.650775954599549
BOMB_EVADE,"('MOVE', 7, 1)",7.506376060044923
BOMB_EVADE,"('MOVE', 7, 0)",-12.322372995243416
BOMB_EVADE,"('MOVE', 7, 1)",12.812379761935501
BOMB_EVADE,"('WAIT', 7, 1)",13.684491385401323
BOMB_EVADE,"('WAIT', 7, 1)",13.330599210739296
BOMB_EVADE,"('WAIT', 7, 1)",12.98523573945555
BOMB_EVADE,"('WAIT', 7, 1)",12.648195432161193
BOMB_EVADE,"('WAIT', 7, 1)",12.319277702909664
BOMB_EVADE,"('WAIT', 7, 1)",11.998286799820152
BOMB_EVADE,"('WAIT', 7, 1)",11.68503168857795
BOMB_EVADE,"('WAIT', 7, 1)",11.379325938742415
BOMB_EVADE,"('WAIT', 7, 1)",5.728536022385037
BOMB_EVADE,"('WAIT', 7, 1)",5.365083245552604
BOMB_EVADE,"('WAIT', 7, 1)",5.021262959435497
BLOCKED_PATH,"('MOVE', 6, 0)",4.941522890261563
BLOCKED_PATH,"('BOMB', 6, 0)",8.28883660411943
BOMB_EVADE,"('MOVE', 5, 1)",9.633054790076377
BOMB_EVADE,"('MOVE', 6, 2)",-6.610281967843278
BOMB_EVADE,"('MOVE', 5, 1)",13.549614964378142
BOMB_EVADE,"('WAIT', 5, 1)",14.40395942368537
BOMB_EVADE,"('WAIT', 5, 1)",14.032728268599325
BOMB_EVADE,"('WAIT', 5, 1)",13.670443681516737
BOMB_EVADE,"('WAIT', 5, 1)",13.316890052626999
BOMB_EVADE,"('WAIT', 5, 1)",12.971856968256208
BOMB_EVADE,"('WAIT', 5, 1)",12.635139085641725
BOMB_EVADE,"('WAIT', 5, 1)",12.306536010724598
BOMB_EVADE,"('WAIT', 5, 1)",11.98585217888719
BOMB_EVADE,"('WAIT', 5, 1)",5.964229631405434
BOMB_EVADE,"('WAIT', 5, 1)",5.588045482340599
BOMB_EVADE,"('MOVE', 4, 1)",5.232181529693393
BLOCKED_PATH,"('MOVE', 5, 0)",4.576287675423759
BLOCKED_PATH,"('MOVE', 6, 0)",5.427006442647858
BLOCKED_PATH,"('BOMB', 6, 0)",9.022041765443307
BOMB_EVADE,"('MOVE', 7, 1)",10.01246641077448
BOMB_EVADE,"('WAIT', 7, 1)",10.952055170404012
BOMB_EVADE,"('WAIT', 7, 1)",10.664013951615882
BOMB_EVADE,"('WAIT', 7, 1)",10.382914446410735
BOMB_EVADE,"('WAIT', 7, 1)",10.108589361414133
BOMB_EVADE,"('MOVE', 7, 0)",-1.9326642031385965
BOMB_EVADE,"('MOVE', 7, 1)",11.802644238062031
BOMB_EVADE,"('WAIT', 7, 1)",12.699090207948071
BOMB_EVADE,"('MOVE', 7, 2)",11.329815742920681
BOMB_EVADE,"('MOVE', 7, 1)",12.301144725753822
BOMB_EVADE,"('WAIT', 7, 1)",11.98059082239078
BOMB_EVADE,"('WAIT', 7, 1)",5.09658921802291
BOMB_EVADE,"('WAIT', 7, 1)",4.767272071897018
BOMB_EVADE,"('WAIT', 7, 1)",4.455743525077097
BLOCKED_PATH,"('MOVE', 6, 2)",5.05885445973658
BLOCKED_PATH,"('WAIT', 6, 2)",5.650627822833429
BLOCKED_PATH,"('BOMB', 6, 2)",9.04521357699753
BOMB_EVADE,"('MOVE', 5, 1)",10.43004712263039
BOMB_EVADE,"('MOVE', 5, 0)",11.81778686241171
BOMB_EVADE,"('MOVE', 5, 1)",11.10210054977365
BOMB_EVADE,"('MOVE', 4, 0)",11.243026217044555
BOMB_EVADE,"('WAIT', 4, 0)",10.90931048857996
BOMB_EVADE,"('WAIT', 4, 0)",10.584691055871852
BOMB_EVADE,"('MOVE', 5, 1)",9.975184179122975
BOMB_EVADE,"('MOVE', 5, 0)",10.055668914673715
BOMB_EVADE,"('WAIT', 5, 0)",9.754317717664328
BOMB_EVADE,"('MOVE', 4, 0)",9.461180636385057
BOMB_EVADE,"('MOVE', 3, 1)",8.313575530680092
BOMB_EVADE,"('MOVE', 3, 0)",2.268263161949154
BOMB_EVADE,"('WAIT', 3, 0)",2.0822166024531565
BOMB_EVADE,"('MOVE', 4, 0)",1.906760782008801
BLOCKED_PATH,"('WAIT', 4, 0)",6.257813535852642
BLOCKED_PATH,"('MOVE', 5, 0)",6.056967116951901
BLOCKED_PATH,"('MOVE', 6, 0)",7.152007903697426
BLOCKED_PATH,"('BOMB', 6, 0)",10.74383930336436
BOMB_EVADE,"('MOVE', 5, 1)",8.539911718848959
BOMB_EVADE,"('WAIT', 5, 1)",9.514988638644011
BOMB_EVADE,"('WAIT', 5, 1)",9.261580325191927
BOMB_EVADE,"('WAIT', 5, 1)",9.014279081897827
BOMB_EVADE,"('WAIT', 5, 1)",8.772937730062617
BOMB_EVADE,"('WAIT', 5, 1)",8.537412637953075
BOMB_EVADE,"('WAIT', 5, 1)",8.307563635320964
BOMB_EVADE,"('WAIT', 5, 1)",8.083253929982204
BOMB_EVADE,"('WAIT', 5, 1)",7.8643500264064565
BOMB_EVADE,"('WAIT', 5, 1)",7.650721646268683
BOMB_EVADE,"('WAIT', 5, 1)",7.442241650915394
BOMB_EVADE,"('MOVE', 6, 2)",-9.558792346118363
BLOCKED_PATH,"('MOVE', 1, 0)",5.7550484109687945
BLOCKED_PATH,"('WAIT', 1, 0)",5.568115076825919
BLOCKED_PATH,"('WAIT', 1, 0)",5.386354773176359
BLOCKED_PATH,"('MOVE', 2, 0)",5.209624346073778
BLOCKED_PATH,"('WAIT', 2, 0)",5.037784603089631
BLOCKED_PATH,"('MOVE', 1, 0)",4.870700203685573
BLOCKED_PATH,"('MOVE', 2, 0)",4.708239552619592
BLOCKED_PATH,"('MOVE', 3, 0)",4.550274696301948
BLOCKED_PATH,"('MOVE', 4, 0)",4.396681222019243
BLOCKED_PATH,"('MOVE', 3, 0)",4.247338159947297
BLOCKED_PATH,"('MOVE', 4, 0)",4.102127887875627
BLOCKED_PATH,"('MOVE', 5, 0)",3.960936038568486
BLOCKED_PATH,"('WAIT', 5, 0)",3.823651409689541
BLOCKED_PATH,"('MOVE', 6, 0)",3.690165876219185
BLOCKED_PATH,"('WAIT', 6, 0)",3.560374305295557
BLOCKED_PATH,"('WAIT', 6, 0)",3.4341744734121704
BLOCKED_PATH,"('MOVE', 7, 0)",3.3114669859069417
BLOCKED_PATH,"('MOVE', 6, 0)",3.1921551986792123
BLOCKED_PATH,"('MOVE', 7, 0)",3.076145142073103
BLOCKED_PATH,"('WAIT', 7, 0)",2.9633454468672573
BLOCKED_PATH,"('MOVE', 6, 0)",2.853667272312676
BLOCKED_PATH,"('WAIT', 6, 0)",2.7470242361619737
BLOCKED_PATH,"('MOVE', 7, 0)",2.6433323466349425
BLOCKED_PATH,"('MOVE', 6, 0)",2.5425099362668453
BLOCKED_PATH,"('WAIT', 6, 0)",2.444477597587328
BLOCKED_PATH,"('MOVE', 5, 0)",2.3491581205793017
BLOCKED_PATH,"('WAIT', 5, 0)",2.256476431868534
BLOCKED_PATH,"('MOVE', 4, 0)",2.16635953559605
BLOCKED_PATH,"('MOVE', 3, 0)",2.0787364559267854
BLOCKED_PATH,"('WAIT', 3, 0)",1.9935381811491992
BLOCKED_PATH,"('WAIT', 3, 0)",1.9106976093218293
BLOCKED_PATH,"('WAIT', 3, 0)",1.8301494954239759
BLOCKED_PATH,"('WAIT', 3, 0)",1.7518303999688913
BLOCKED_PATH,"('MOVE', 2, 0)",1.6756786390390042
BLOCKED_PATH,"('WAIT', 2, 0)",1.6016342357038251
BLOCKED_PATH,"('MOVE', 1, 0)",1.5296388727822705
BLOCKED_PATH,"('MOVE', 2, 0)",1.4596358469122015
BLOCKED_PATH,"('WAIT', 2, 0)",1.3915700238910023
BLOCKED_PATH,"('MOVE', 3, 0)",1.3253877952520243
BLOCKED_PATH,"('MOVE', 4, 0)",1.2610370360426952
BLOCKED_PATH,"('MOVE', 5, 0)",1.1984670637710428
BLOCKED_PATH,"('MOVE', 6, 0)",1.137628598488293
BLOCKED_PATH,"('MOVE', 7, 0)",1.07847372397611
BLOCKED_PATH,"('MOVE', 6, 0)",1.020955850007907
BLOCKED_PATH,"('MOVE', 5, 0)",0.9650296756545025
BLOCKED_PATH,"('WAIT', 5, 0)",0.9106511536052269
BLOCKED_PATH,"('MOVE', 6, 0)",0.8577774554763732
BLOCKED_PATH,"('WAIT', 6, 0)",0.8063669380796725
BLOCKED_PATH,"('MOVE', 7, 0)",0.7563791106242267
BLOCKED_PATH,"('MOVE', 6, 0)",0.707774602826066
BLOCKED_PATH,"('MOVE', 5, 0)",0.6605151339002145
BLOCKED_PATH,"('MOVE', 6, 0)",0.6145634824108429
BLOCKED_PATH,"('MOVE', 5, 0)",0.5698834569557617
BLOCKED_PATH,"('MOVE', 6, 1)",0.32728358093011933
BLOCKED_PATH,"('MOVE', 6, 0)",0.6681394556865474
BLOCKED_PATH,"('MOVE', 7, 0)",0.4836111643782133
BLOCKED_PATH,"('WAIT', 7, 0)",0.44255499946924276
BLOCKED_PATH,"('WAIT', 7, 0)",0.4026349871570607
BLOCKED_PATH,"('MOVE', 6, 0)",0.36381968654293595
BLOCKED_PATH,"('WAIT', 6, 0)",0.32607852679622146
BLOCKED_PATH,"('MOVE', 5, 0)",0.2893817830768467
BLOCKED_PATH,"('WAIT', 5, 0)",0.25370055312411083
BLOCKED_PATH,"('WAIT', 5, 0)",0.21900673449333546
BLOCKED_PATH,"('WAIT', 5, 0)",0.18527300242245348
BLOCKED_PATH,"('WAIT', 5, 0)",0.15247278831109523
BLOCKED_PATH,"('MOVE', 6, 0)",0.12058025879522866
BLOCKED_PATH,"('WAIT', 6, 0)",0.08957029540086758
BLOCKED_PATH,"('MOVE', 5, 0)",0.059418474760826956
BLOCKED_PATH,"('WAIT', 5, 0)",0.030101049378941425
BLOCKED_PATH,"('MOVE', 6, 1)",-0.16415615985845328
BLOCKED_PATH,"('MOVE', 6, 0)",0.14824139257072078
BLOCKED_PATH,"('MOVE', 7, 0)",-0.02189969194944963
BLOCKED_PATH,"('MOVE', 7, 1)",-0.21121171952292367
BLOCKED_PATH,"('MOVE', 6, 0)",0.0980815616647297
BLOCKED_PATH,"('MOVE', 5, 0)",-0.07067144332427477
BLOCKED_PATH,"('MOVE', 6, 0)",-0.09638887346607672
BLOCKED_PATH,"('WAIT', 6, 0)",-0.12139462181531191
BLOCKED_PATH,"('WAIT', 6, 0)",-0.14570838283488263
BLOCKED_PATH,"('MOVE', 5, 0)",-0.16934930598025522
BLOCKED_PATH,"('WAIT', 5, 0)",-0.19233601078152196
BLOCKED_PATH,"('WAIT', 5, 0)",-0.21468660150809427
BLOCKED_PATH,"('MOVE', 6, 0)",-0.23641868142757927
BLOCKED_PATH,"('WAIT', 6, 0)",-0.2575493666700681
BLOCKED_PATH,"('MOVE', 5, 0)",-0.27809529970875513
BLOCKED_PATH,"('MOVE', 6, 0)",-0.2980726624675073
BLOCKED_PATH,"('MOVE', 5, 0)",-0.31749718906570557
BLOCKED_PATH,"('MOVE', 5, 1)",-0.4801852357795471
BLOCKED_PATH,"('MOVE', 6, 0)",-0.18666579899565539
BLOCKED_PATH,"('WAIT', 6, 0)",-0.347538953200734
BLOCKED_PATH,"('WAIT', 6, 0)",-0.36559459269526207
BLOCKED_PATH,"('WAIT', 6, 0)",-0.38315057612732395
BLOCKED_PATH,"('WAIT', 6, 0)",-0.4002207305441883
BLOCKED_PATH,"('MOVE', 5, 0)",-0.41681850035544477
BLOCKED_PATH,"('MOVE', 6, 0)",-0.4329569579217857
BLOCKED_PATH,"('WAIT', 6, 0)",-0.4486488138507646
BLOCKED_PATH,"('MOVE', 7, 0)",-0.46390642700763685
BLOCKED_PATH,"('MOVE', 6, 0)",-0.4787418142491706
BLOCKED_PATH,"('MOVE', 7, 0)",-0.4931666598880927
BLOCKED_PATH,"('MOVE', 6, 0)",-0.5071923248956217
BLOCKED_PATH,"('MOVE', 5, 0)",-0.5208298558493412
BLOCKED_PATH,"('MOVE', 4, 0)",-0.534089993633455
BLOCKED_PATH,"('MOVE', 5, 0)",-0.5469831818982798
BLOCKED_PATH,"('MOVE', 4, 0)",-0.5595195752856376
BLOCKED_PATH,"('MOVE', 5, 0)",-0.5717090474266251
BLOCKED_PATH,"('MOVE', 4, 0)",-0.58356119871806
BLOCKED_PATH,"('MOVE', 5, 0)",-0.5950853638837291
BLOCKED_PATH,"('BOMB', 5, 0)",-5.866542770173171
BOMB_EVADE,"('MOVE', 6, 1)",-15.750899654106634
BOMB_EVADE,"('WAIT', 6, 1)",-14.190420908979965
BOMB_EVADE,"('MOVE', 6, 0)",-51.783567296472526
BOMB_EVADE,"('MOVE', 6, 1)",-4.637460385328557
BOMB_EVADE,"('WAIT', 6, 1)",-3.344812448064406
BOMB_EVADE,"('MOVE', 5, 1)",-29.624557644374946
BOMB_EVADE,"('MOVE', 4, 1)",2.3908170512453206
BOMB_EVADE,"('MOVE', 3, 0)",-17.103001553636798
BOMB_EVADE,"('MOVE', 4, 1)",7.9077383287078025
BOMB_EVADE,"('MOVE', 4, 2)",6.656757484106974
BOMB_EVADE,"('MOVE', 4, 1)",9.183015292120867
BOMB_EVADE,"('MOVE', 3, 1)",-23.12357467697753
BOMB_EVADE,"('WAIT', 3, 1)",-21.928533939578465
BOMB_EVADE,"('MOVE', 4, 1)",-20.798045264171872
BLOCKED_PATH,"('MOVE', 5, 2)",-2.2079952397014626
BLOCKED_PATH,"('WAIT', 5, 2)",-2.0630273730236697
BLOCKED_PATH,"('WAIT', 5, 2)",-2.038203769825361
BLOCKED_PATH,"('WAIT', 5, 2)",-2.0139598424579708
BLOCKED_PATH,"('WAIT', 5, 2)",-1.9902820544471105
BLOCKED_PATH,"('WAIT', 5, 2)",-1.96715718541944
BLOCKED_PATH,"('WAIT', 5, 2)",-1.944572323721141
BLOCKED_PATH,"('MOVE', 5, 1)",-1.9214788496709272
BLOCKED_PATH,"('MOVE', 5, 2)",-2.0246393063119923
BLOCKED_PATH,"('MOVE', 5, 1)",-1.8801808974924696
BLOCKED_PATH,"('MOVE', 5, 2)",-1.986495992768754
BLOCKED_PATH,"('MOVE', 5, 3)",-2.3847271762807205
BLOCKED_PATH,"('MOVE', 5, 2)",-1.618118240796003
BLOCKED_PATH,"('MOVE', 5, 1)",-1.7019326378734243
BLOCKED_PATH,"('MOVE', 5, 0)",-1.8085547510776323
BLOCKED_PATH,"('MOVE', 5, 1)",-1.9358220262090138
BLOCKED_PATH,"('MOVE', 5, 0)",-1.7661246691572519
BLOCKED_PATH,"('MOVE', 5, 1)",-1.8973021840692386
BLOCKED_PATH,"('MOVE', 5, 0)",-1.7267992085570216
BLOCKED_PATH,"('WAIT', 5, 0)",-1.859256595970448
BLOCKED_PATH,"('WAIT', 5, 0)",-1.8326220217075415
BLOCKED_PATH,"('WAIT', 5, 0)",-1.8068130454668003
BLOCKED_PATH,"('WAIT', 5, 0)",-1.781804075996514
BLOCKED_PATH,"('WAIT', 5, 0)",-1.7575703153028828
BLOCKED_PATH,"('WAIT', 5, 0)",-1.7340877340612224
BLOCKED_PATH,"('WAIT', 5, 0)",-1.7113330477893525
BLOCKED_PATH,"('WAIT', 5, 0)",-1.6892836937595386
BLOCKED_PATH,"('WAIT', 5, 0)",-1.6679178086261057
BLOCKED_PATH,"('WAIT', 5, 0)",-1.647214206746532
BLOCKED_PATH,"('WAIT', 5, 0)",-1.6271523591745274
BLOCKED_PATH,"('WAIT', 5, 0)",-1.60771237330427
BLOCKED_PATH,"('WAIT', 5, 0)",-1.5888749731456138
BLOCKED_PATH,"('WAIT', 5, 0)",-1.5706214802107126
BLOCKED_PATH,"('WAIT', 5, 0)",-1.552933794993101
BLOCKED_PATH,"('WAIT', 5, 0)",-1.5357943790208775
BLOCKED_PATH,"('WAIT', 5, 0)",-1.5191862374661862
BLOCKED_PATH,"('WAIT', 5, 0)",-1.5030929022937578
BLOCKED_PATH,"('BOMB', 5, 0)",-1.9517151010122298
BOMB_EVADE,"('MOVE', 6, 1)",12.117518426089546
BOMB_EVADE,"('WAIT', 6, 1)",13.00637601526689
BOMB_EVADE,"('WAIT', 6, 1)",12.66882623318151
BOMB_EVADE,"('WAIT', 6, 1)",12.339411307340294
BOMB_EVADE,"('WAIT', 6, 1)",12.017935189961179
BOMB_EVADE,"('WAIT', 6, 1)",11.704206557959344
BOMB_EVADE,"('WAIT', 6, 1)",11.398038699083315
BOMB_EVADE,"('WAIT', 6, 1)",11.09924940079516
BOMB_EVADE,"('WAIT', 6, 1)",10.807660841828627
BOMB_EVADE,"('MOVE', 6, 2)",8.556590161762836
BOMB_EVADE,"('MOVE', 6, 1)",10.708493360887225
BOMB_EVADE,"('WAIT', 6, 1)",-17.745769539746217
BOMB_EVADE,"('WAIT', 6, 1)",-16.84121966156048
BOMB_EVADE,"('MOVE', 5, 0)",-29.659319644313676
BLOCKED_PATH,"('BOMB', 5, 0)",5.829995333683946
BOMB_EVADE,"('MOVE', 4, 1)",15.697692884546997
BOMB_EVADE,"('MOVE', 3, 0)",13.150488082147529
BOMB_EVADE,"('MOVE', 4, 1)",16.141868410474697
BOMB_EVADE,"('WAIT', 4, 1)",16.93374027980675
BOMB_EVADE,"('WAIT', 4, 1)",16.501542106858498
BOMB_EVADE,"('WAIT', 4, 1)",16.079759790155816
BOMB_EVADE,"('WAIT', 4, 1)",15.668142310448458
BOMB_EVADE,"('WAIT', 4, 1)",15.266444697980589
BOMB_EVADE,"('WAIT', 4, 1)",14.874427886699618
BOMB_EVADE,"('MOVE', 5, 0)",11.983515908113102
BOMB_EVADE,"('MOVE', 4, 1)",13.972885150516245
BLOCKED_PATH,"('WAIT', 0, 0)",3.801214812122191
BLOCKED_PATH,"('MOVE', 1, 0)",3.535485526952658
BLOCKED_PATH,"('MOVE', 0, 1)",2.8544386563941075
BLOCKED_PATH,"('MOVE', 0, 0)",3.5445616218557423
BLOCKED_PATH,"('WAIT', 0, 0)",3.0163058290450007
BLOCKED_PATH,"('WAIT', 0, 0)",2.7940183208335903
BLOCKED_PATH,"('MOVE', 1, 0)",2.5840335949326065
BLOCKED_PATH,"('MOVE', 2, 0)",2.385670738348802
BLOCKED_PATH,"('MOVE', 1, 0)",2.198286524076755
BLOCKED_PATH,"('WAIT', 1, 0)",2.021273325320374
BLOCKED_PATH,"('MOVE', 2, 0)",1.8540571451544428
BLOCKED_PATH,"('MOVE', 1, 0)",1.6960957552370308
BLOCKED_PATH,"('WAIT', 1, 0)",1.5468769375372085
BLOCKED_PATH,"('MOVE', 0, 0)",1.405916823376562
BLOCKED_PATH,"('WAIT', 0, 0)",1.272758324398546
BLOCKED_PATH,"('WAIT', 0, 0)",1.1469696503778177
BLOCKED_PATH,"('MOVE', 1, 0)",1.0281429090632779
BLOCKED_PATH,"('WAIT', 1, 0)",0.9158927835145679
BLOCKED_PATH,"('MOVE', 0, 0)",0.8098552826430415
BLOCKED_PATH,"('MOVE', 1, 0)",0.7096865609056234
BLOCKED_PATH,"('MOVE', 2, 0)",0.6150618033241986
BLOCKED_PATH,"('MOVE', 1, 0)",0.5256741722150089
BLOCKED_PATH,"('MOVE', 2, 0)",0.44123381221263797
BLOCKED_PATH,"('MOVE', 1, 1)",0.11633858830489663
BLOCKED_PATH,"('MOVE', 1, 0)",0.6772601550357351
BLOCKED_PATH,"('MOVE', 2, 0)",0.30769877581796784
BLOCKED_PATH,"('WAIT', 2, 0)",0.23532253886272414
BLOCKED_PATH,"('MOVE', 3, 0)",0.16695205596389506
BLOCKED_PATH,"('WAIT', 3, 0)",0.10236562361442525
BLOCKED_PATH,"('MOVE', 2, 0)",0.04135380876728878
BLOCKED_PATH,"('WAIT', 2, 0)",-0.01628123028858497
BLOCKED_PATH,"('MOVE', 1, 1)",-0.28791538402311667
BLOCKED_PATH,"('MOVE', 1, 0)",0.2529904523903097
BLOCKED_PATH,"('MOVE', 2, 1)",-0.3081668673079365
BLOCKED_PATH,"('MOVE', 3, 0)",0.23069245340623534
BLOCKED_PATH,"('MOVE', 4, 1)",-0.32720121181614814
BLOCKED_PATH,"('MOVE', 3, 0)",0.20966841409014159
BLOCKED_PATH,"('MOVE', 4, 0)",-0.1340135108780608
BLOCKED_PATH,"('WAIT', 4, 0)",-0.18194262459733035
BLOCKED_PATH,"('MOVE', 5, 0)",-0.2272190411085362
BLOCKED_PATH,"('MOVE', 6, 0)",-0.26998957728208595
BLOCKED_PATH,"('MOVE', 5, 0)",-0.31039292422364817
BLOCKED_PATH,"('MOVE', 6, 1)",-0.5461245337895788
BLOCKED_PATH,"('MOVE', 7, 0)",-0.020612430572618745
BLOCKED_PATH,"('WAIT', 7, 0)",-0.35154917194979085
BLOCKED_PATH,"('MOVE', 6, 0)",-0.38743850032774985
BLOCKED_PATH,"('WAIT', 6, 0)",-0.4213414885921585
BLOCKED_PATH,"('WAIT', 6, 0)",-0.4533680732401604
BLOCKED_PATH,"('WAIT', 6, 0)",-0.48362210619490154
BLOCKED_PATH,"('MOVE', 7, 0)",-0.5122016915639483
BLOCKED_PATH,"('WAIT', 7, 0)",-0.5391995037593842
BLOCKED_PATH,"('MOVE', 6, 0)",-0.5647030880111499
BLOCKED_PATH,"('MOVE', 5, 0)",-0.5887951442480952
BLOCKED_PATH,"('WAIT', 5, 0)",-0.6115537952672725
BLOCKED_PATH,"('MOVE', 5, 1)",-0.8119660806741347
BLOCKED_PATH,"('MOVE', 4, 0)",-0.30002428657433755
BLOCKED_PATH,"('MOVE', 3, 0)",-0.6154966266137968
BLOCKED_PATH,"('MOVE', 2, 0)",-0.6367774504372217
BLOCKED_PATH,"('MOVE', 3, 0)",-0.6568804602440477
BLOCKED_PATH,"('MOVE', 2, 0)",-0.6758708436355267
BLOCKED_PATH,"('WAIT', 2, 0)",-0.6938101803229567
BLOCKED_PATH,"('MOVE', 1, 0)",-0.7107566418108996
BLOCKED_PATH,"('MOVE', 2, 0)",-0.7267651800286784
BLOCKED_PATH,"('MOVE', 3, 0)",-0.7418877055218278
BLOCKED_PATH,"('MOVE', 2, 0)",-0.7561732557813123
BLOCKED_PATH,"('MOVE', 1, 0)",-0.7696681542563522
BLOCKED_PATH,"('MOVE', 0, 0)",-0.7824161605664856
BLOCKED_PATH,"('WAIT', 0, 0)",-0.7944586123999526
BLOCKED_PATH,"('MOVE', 1, 0)",-0.8058345595585369
BLOCKED_PATH,"('WAIT', 1, 0)",-0.8165808905835243
BLOCKED_PATH,"('WAIT', 1, 0)",-0.8267324523733891
BLOCKED_PATH,"('MOVE', 0, 0)",-0.8363221631810891
BLOCKED_PATH,"('MOVE', 1, 0)",-0.8453811193573821
BLOCKED_PATH,"('MOVE', 1, 1)",-1.0182009824424432
BLOCKED_PATH,"('MOVE', 0, 0)",-0.5170532879321245
BLOCKED_PATH,"('MOVE', 1, 0)",-0.8205138843507288
BLOCKED_PATH,"('WAIT', 1, 0)",-0.8304477696434501
BLOCKED_PATH,"('WAIT', 1, 0)",-0.8398318515340979
BLOCKED_PATH,"('MOVE', 2, 0)",-0.8486965595849253
BLOCKED_PATH,"('MOVE', 3, 0)",-0.8570706391957099
BLOCKED_PATH,"('MOVE', 2, 0)",-0.8649812448158476
BLOCKED_PATH,"('MOVE', 1, 0)",-0.8724540279975079
BLOCKED_PATH,"('WAIT', 1, 0)",-0.8795132205753744
BLOCKED_PATH,"('WAIT', 1, 0)",-0.8861817132426987
BLOCKED_PATH,"('MOVE', 2, 0)",-0.892481129778463
BLOCKED_PATH,"('WAIT', 2, 0)",-0.8984318971663475
BLOCKED_PATH,"('MOVE', 3, 0)",-0.904053311832875
BLOCKED_PATH,"('WAIT', 3, 0)",-0.9093636022195206
BLOCKED_PATH,"('MOVE', 3, 1)",-1.0741010929655865
BLOCKED_PATH,"('MOVE', 3, 0)",-0.5767152115948353
BLOCKED_PATH,"('MOVE', 4, 0)",-0.8768737436511655
BLOCKED_PATH,"('MOVE', 5, 0)",-0.8836883214956245
BLOCKED_PATH,"('MOVE', 6, 0)",-0.8901257379402712
BLOCKED_PATH,"('MOVE', 5, 0)",-0.8962068674581475
BLOCKED_PATH,"('WAIT', 5, 0)",-0.9019514291982755
BLOCKED_PATH,"('MOVE', 6, 0)",-0.9073780509285206
BLOCKED_PATH,"('WAIT', 6, 0)",-0.9125043294394575
BLOCKED_PATH,"('MOVE', 6, 1)",-1.0761496348828485
BLOCKED_PATH,"('MOVE', 7, 2)",-0.9386965525631144
BLOCKED_PATH,"('MOVE', 6, 2)",-0.6587953239188706
BLOCKED_PATH,"('MOVE', 6, 1)",-0.395377374320247
BLOCKED_PATH,"('MOVE', 6, 0)",-0.38984145726408714
BLOCKED_PATH,"('MOVE', 5, 0)",-0.7003427527872549
BLOCKED_PATH,"('MOVE', 4, 0)",-0.7169276608185862
BLOCKED_PATH,"('WAIT', 4, 0)",-0.7325946562115078
BLOCKED_PATH,"('MOVE', 5, 0)",-0.7473945419979179
BLOCKED_PATH,"('MOVE', 4, 0)",-0.7613753094518836
BLOCKED_PATH,"('MOVE', 5, 0)",-0.7745822937099205
BLOCKED_PATH,"('WAIT', 5, 0)",-0.7870583207782744
BLOCKED_PATH,"('MOVE', 6, 0)",-0.798843846403898
BLOCKED_PATH,"('MOVE', 5, 0)",-0.8099770872594385
BLOCKED_PATH,"('MOVE', 4, 0)",-0.8204941448676282
BLOCKED_PATH,"('MOVE', 5, 0)",-0.8304291226669213
BLOCKED_PATH,"('WAIT', 5, 0)",-0.8398142365979874
BLOCKED_PATH,"('MOVE', 4, 0)",-0.8486799195696555
BLOCKED_PATH,"('MOVE', 3, 0)",-0.8570549201430582
BLOCKED_PATH,"('MOVE', 2, 0)",-0.8649663957539769
BLOCKED_PATH,"('MOVE', 1, 1)",-1.0319743752873614
BLOCKED_PATH,"('MOVE', 2, 0)",-0.5370468935094573
BLOCKED_PATH,"('MOVE', 3, 0)",-0.8394009186276873
BLOCKED_PATH,"('MOVE', 2, 0)",-0.8482894772033627
BLOCKED_PATH,"('WAIT', 2, 0)",-0.8566860873016366
BLOCKED_PATH,"('WAIT', 2, 0)",-0.8646179764310361
BLOCKED_PATH,"('WAIT', 2, 0)",-0.8721108651593129
BLOCKED_PATH,"('MOVE', 1, 0)",-0.8791890505169776
BLOCKED_PATH,"('MOVE', 0, 0)",-0.8858754847847639
BLOCKED_PATH,"('WAIT', 0, 0)",-0.8921918499204988
BLOCKED_PATH,"('MOVE', 1, 0)",-0.8981586278667272
BLOCKED_PATH,"('MOVE', 2, 0)",-0.9037951669670675
BLOCKED_PATH,"('WAIT', 2, 0)",-0.909119744706674
BLOCKED_PATH,"('MOVE', 1, 0)",-0.9141496269802494
BLOCKED_PATH,"('MOVE', 0, 0)",-0.9189011240797912
BLOCKED_PATH,"('WAIT', 0, 0)",-0.9233896435836301
BLOCKED_PATH,"('WAIT', 0, 0)",-0.9276297403182534
BLOCKED_PATH,"('MOVE', 1, 0)",-0.9316351635549328
BLOCKED_PATH,"('MOVE', 0, 0)",-0.9354189015941916
BLOCKED_PATH,"('BOMB', 0, 0)",-4.958182541772796
BOMB_EVADE,"('MOVE', 1, 1)",-13.494264456394873
BOMB_EVADE,"('WAIT', 1, 1)",-10.482075532457836
BOMB_EVADE,"('WAIT', 1, 1)",-10.02504474502081
BOMB_EVADE,"('WAIT', 1, 1)",-9.590042588335596
BOMB_EVADE,"('WAIT', 1, 1)",-9.176007294604183
BOMB_EVADE,"('WAIT', 1, 1)",-8.781928272648193
BOMB_EVADE,"('WAIT', 1, 1)",-8.406843641224153
BOMB_EVADE,"('MOVE', 1, 2)",-8.391125209714179
BOMB_EVADE,"('MOVE', 1, 1)",-7.573364275774626
BOMB_EVADE,"('WAIT', 1, 1)",-7.256531759435351
BOMB_EVADE,"('WAIT', 1, 1)",-6.954970394853148
BOMB_EVADE,"('BOMB', 1, 1)",-13.532222948838175
BOMB_EVADE,"('WAIT', 1, 1)",0.06768583395273192
BOMB_EVADE,"('MOVE', 2, 2)",-1.5046509334916702
BOMB_EVADE,"('WAIT', 2, 2)",0.652639142393209
BOMB_EVADE,"('WAIT', 2, 2)",0.5820471878898759
BOMB_EVADE,"('WAIT', 2, 2)",0.5144705462354108
BOMB_EVADE,"('WAIT', 2, 2)",0.44978041930203116
BOMB_EVADE,"('WAIT', 2, 2)",0.3878535105329527
BOMB_EVADE,"('WAIT', 2, 2)",0.32857178994453684
BOMB_EVADE,"('WAIT', 2, 2)",0.27182226916629637
BOMB_EVADE,"('WAIT', 2, 2)",0.21749678608999634
BOMB_EVADE,"('WAIT', 2, 2)",0.1654917987173986
BOMB_EVADE,"('BOMB', 2, 2)",14.799374178156064
BOMB_EVADE,"('WAIT', 2, 2)",-5.020509826579683
BOMB_EVADE,"('WAIT', 2, 2)",-7.684666962923229
BOMB_EVADE,"('MOVE', 3, 1)",5.4965683788910855
BOMB_EVADE,"('WAIT', 3, 1)",7.593409681404369
BOMB_EVADE,"('WAIT', 3, 1)",7.17921209565247
BOMB_EVADE,"('WAIT', 3, 1)",6.784978604061463
BOMB_EVADE,"('WAIT', 3, 1)",6.409746948353238
BOMB_EVADE,"('MOVE', 3, 2)",-1.0662714979479926
BOMB_EVADE,"('MOVE', 3, 1)",7.601492518494268
BOMB_EVADE,"('MOVE', 4, 0)",9.372453039829225
BOMB_EVADE,"('MOVE', 3, 1)",9.16929694538689
BOMB_EVADE,"('MOVE', 4, 0)",-4.900613992460386
BOMB_EVADE,"('MOVE', 3, 0)",-4.456527468665033
BOMB_EVADE,"('MOVE', 4, 0)",-4.063000380127269
BLOCKED_PATH,"('MOVE', 5, 1)",-4.872169042317283
BLOCKED_PATH,"('MOVE', 6, 2)",-4.3275439582436235
BLOCKED_PATH,"('MOVE', 7, 2)",-3.9718355708859594
BLOCKED_PATH,"('MOVE', 6, 1)",-3.8818324323243187
BLOCKED_PATH,"('MOVE', 6, 2)",-3.92621685314451
BLOCKED_PATH,"('MOVE', 7, 2)",-3.5876510252345706
BLOCKED_PATH,"('MOVE', 6, 2)",-3.4771203360126397
BLOCKED_PATH,"('MOVE', 5, 2)",-3.3713109299702158
BLOCKED_PATH,"('MOVE', 6, 1)",-3.269192204995566
BLOCKED_PATH,"('MOVE', 5, 2)",-3.394042831727535
BLOCKED_PATH,"('MOVE', 4, 1)",-3.065088002625341
BLOCKED_PATH,"('MOVE', 5, 0)",-3.1980365718292982
BLOCKED_PATH,"('MOVE', 5, 1)",-3.347560467553893
BLOCKED_PATH,"('MOVE', 5, 0)",-2.969507786733337
BLOCKED_PATH,"('WAIT', 5, 0)",-3.1372341978720284
BLOCKED_PATH,"('MOVE', 6, 0)",-3.018946277446868
BLOCKED_PATH,"('MOVE', 5, 0)",-2.9072051510662904
BLOCKED_PATH,"('WAIT', 5, 0)",-2.8016484781624
BLOCKED_PATH,"('MOVE', 4, 0)",-2.7019339723627196
BLOCKED_PATH,"('MOVE', 3, 0)",-2.60773829156547
BLOCKED_PATH,"('MOVE', 2, 0)",-1.1656800507787624
BLOCKED_PATH,"('BOMB', 2, 0)",1.1042623561332263
BOMB_EVADE,"('MOVE', 3, 1)",9.766937690263164
BOMB_EVADE,"('WAIT', 3, 1)",11.657949557823887
BOMB_EVADE,"('WAIT', 3, 1)",11.047843401851212
BOMB_EVADE,"('WAIT', 3, 1)",10.46714402458747
BOMB_EVADE,"('WAIT', 3, 1)",9.914434035590732
BOMB_EVADE,"('WAIT', 3, 1)",9.38836436185312
BOMB_EVADE,"('WAIT', 3, 1)",8.887650954938316
BOMB_EVADE,"('WAIT', 3, 1)",8.411071656833254
BOMB_EVADE,"('WAIT', 3, 1)",7.9574632168640065
BOMB_EVADE,"('WAIT', 3, 1)",7.525718452394661
BOMB_EVADE,"('WAIT', 3, 1)",7.114783546378963
BOMB_EVADE,"('MOVE', 4, 1)",-15.354979851903792
BOMB_EVADE,"('WAIT', 4, 1)",-13.80416485405269
BOMB_EVADE,"('MOVE', 5, 1)",-12.420889426606553
BLOCKED_PATH,"('MOVE', 5, 0)",3.0326211225075395
BLOCKED_PATH,"('WAIT', 5, 0)",2.53269932187679
BLOCKED_PATH,"('MOVE', 4, 0)",2.3371776253363516
BLOCKED_PATH,"('MOVE', 3, 0)",2.152477323524107
BLOCKED_PATH,"('MOVE', 2, 0)",3.931075743601315
BLOCKED_PATH,"('MOVE', 1, 1)",6.351805123721247
BLOCKED_PATH,"('BOMB', 1, 1)",15.144641272853903
BOMB_EVADE,"('MOVE', 0, 0)",9.831768716721273
BOMB_EVADE,"('MOVE', 1, 0)",7.282882055206548
BOMB_EVADE,"('MOVE', 2, 0)",12.147296408220042
BOMB_EVADE,"('WAIT', 2, 0)",14.137954912485165
BOMB_EVADE,"('WAIT', 2, 0)",13.320253746852309
BOMB_EVADE,"('WAIT', 2, 0)",12.54672203476472
BOMB_EVADE,"('WAIT', 2, 0)",11.81497389161261
BOMB_EVADE,"('WAIT', 2, 0)",11.122752310209712
BOMB_EVADE,"('WAIT', 2, 0)",10.467922199270406
BOMB_EVADE,"('MOVE', 1, 1)",5.143508584154558
BOMB_EVADE,"('MOVE', 2, 0)",10.163843249222042
BLOCKED_PATH,"('MOVE', 1, 0)",4.774393281308439
BLOCKED_PATH,"('MOVE', 0, 0)",4.454802207179512
BLOCKED_PATH,"('MOVE', 1, 0)",4.1528993038569455
BLOCKED_PATH,"('MOVE', 2, 0)",3.8677055972335057
BLOCKED_PATH,"('MOVE', 1, 0)",3.598296295757812
BLOCKED_PATH,"('MOVE', 0, 0)",3.34379779163249
BLOCKED_PATH,"('MOVE', 0, 1)",2.633372205180909
BLOCKED_PATH,"('MOVE', 1, 0)",3.393609201970982
BLOCKED_PATH,"('WAIT', 1, 0)",2.8737080610973518
BLOCKED_PATH,"('WAIT', 1, 0)",2.659312806081493
BLOCKED_PATH,"('MOVE', 2, 0)",2.456783526675653
BLOCKED_PATH,"('WAIT', 2, 0)",2.2654634855039646
BLOCKED_PATH,"('WAIT', 2, 0)",2.084732293148371
BLOCKED_PATH,"('MOVE', 3, 0)",1.9140038964250903
BLOCKED_PATH,"('MOVE', 2, 0)",1.7527246780024495
BLOCKED_PATH,"('MOVE', 3, 0)",1.600371661197771
BLOCKED_PATH,"('WAIT', 3, 0)",1.456450814132033
BLOCKED_PATH,"('MOVE', 4, 0)",1.3204954477432294
BLOCKED_PATH,"('MOVE', 3, 0)",1.1920647024637012
BLOCKED_PATH,"('WAIT', 3, 0)",1.0707421186542145
BLOCKED_PATH,"('MOVE', 4, 0)",0.9561342861591697
BLOCKED_PATH,"('MOVE', 5, 0)",0.8478695686038783
BLOCKED_PATH,"('MOVE', 4, 0)",0.745596898297215
BLOCKED_PATH,"('MOVE', 3, 0)",0.6489846378319011
BLOCKED_PATH,"('MOVE', 2, 0)",0.5577195046909553
BLOCKED_PATH,"('WAIT', 2, 0)",0.47150555537315686
BLOCKED_PATH,"('WAIT', 2, 0)",0.3900632257433627
BLOCKED_PATH,"('WAIT', 2, 0)",0.3131284244958491
BLOCKED_PATH,"('MOVE', 1, 0)",0.24045167679106505
BLOCKED_PATH,"('MOVE', 0, 0)",0.1717973152888893
BLOCKED_PATH,"('BOMB', 0, 0)",-11.94227388233472
BOMB_EVADE,"('MOVE', 1, 1)",-46.62859712885248
BOMB_EVADE,"('MOVE', 2, 1)",-41.5176658511749
BOMB_EVADE,"('MOVE', 2, 2)",-36.2858996742595
BOMB_EVADE,"('MOVE', 1, 2)",-34.761079632934155
BOMB_EVADE,"('MOVE', 2, 2)",-33.30215209200957
BOMB_EVADE,"('MOVE', 1, 2)",-31.906269619335472
BOMB_EVADE,"('MOVE', 2, 2)",-30.57070782969106
BOMB_EVADE,"('MOVE', 1, 2)",-29.292860067521588
BOMB_EVADE,"('WAIT', 1, 2)",-28.070232319451407
BOMB_EVADE,"('MOVE', 2, 1)",-28.535128202440294
BOMB_EVADE,"('MOVE', 1, 2)",-24.9624441662001
BOMB_EVADE,"('MOVE', 2, 2)",-25.240466548514373
BOMB_EVADE,"('MOVE', 1, 2)",-22.754643635422962
BOMB_EVADE,"('MOVE', 1, 1)",-21.600056707085248
BLOCKED_PATH,"('MOVE', 0, 2)",-14.306610950977937
BLOCKED_PATH,"('MOVE', 0, 3)",-13.242141751879911
BLOCKED_PATH,"('MOVE', 0, 4)",-10.933166419165037
BLOCKED_PATH,"('MOVE', 1, 5)",-9.668267108213055
BLOCKED_PATH,"('MOVE', 2, 6)",-8.610758601505385
BLOCKED_PATH,"('MOVE', 1, 6)",-8.306842812494036
BLOCKED_PATH,"('MOVE', 0, 6)",-8.13074992476911
BLOCKED_PATH,"('MOVE', 1, 6)",-7.9589008268591614
BLOCKED_PATH,"('MOVE', 0, 6)",-7.791193244605216
BLOCKED_PATH,"('WAIT', 0, 6)",-7.627527368627196
BLOCKED_PATH,"('MOVE', 1, 6)",-7.4678057949234375
BLOCKED_PATH,"('MOVE', 2, 6)",-7.311933466901737
BLOCKED_PATH,"('MOVE', 1, 6)",-7.159817618807429
BLOCKED_PATH,"('MOVE', 2, 6)",-7.01136772051484
BLOCKED_PATH,"('MOVE', 1, 6)",-6.866495423649247
BLOCKED_PATH,"('MOVE', 2, 6)",-6.725114509007284
BLOCKED_PATH,"('MOVE', 1, 6)",-6.5871408352445044
BLOCKED_PATH,"('MOVE', 2, 6)",-6.4524922887995535
BLOCKED_PATH,"('MOVE', 3, 6)",-6.32108873502516
BLOCKED_PATH,"('MOVE', 4, 6)",-6.192851970496853
BLOCKED_PATH,"('MOVE', 5, 6)",-6.067705676471028
BLOCKED_PATH,"('MOVE', 4, 6)",-5.9455753734646635
BLOCKED_PATH,"('MOVE', 5, 6)",-5.826388376929642
BLOCKED_PATH,"('MOVE', 6, 5)",-5.9682910315800575
BLOCKED_PATH,"('WAIT', 6, 5)",-5.902381006705358
BLOCKED_PATH,"('MOVE', 7, 4)",-6.411798668798238
BLOCKED_PATH,"('MOVE', 7, 5)",-5.486492373228518
BLOCKED_PATH,"('MOVE', 6, 6)",-4.968432587798886
BLOCKED_PATH,"('MOVE', 7, 5)",-4.921915890925414
BLOCKED_PATH,"('MOVE', 6, 6)",-4.740518160298232
BLOCKED_PATH,"('MOVE', 7, 6)",-4.529874093831212
BLOCKED_PATH,"('MOVE', 7, 5)",-4.586794810475056
BLOCKED_PATH,"('MOVE', 7, 6)",-4.448358079959642
BLOCKED_PATH,"('MOVE', 6, 6)",-4.244754990498011
BLOCKED_PATH,"('MOVE', 7, 6)",-4.166557294051106
BLOCKED_PATH,"('MOVE', 6, 6)",-4.09024414042716
BLOCKED_PATH,"('WAIT', 6, 6)",-4.015770112666173
BLOCKED_PATH,"('MOVE', 5, 6)",-3.943090888344302
BLOCKED_PATH,"('MOVE', 4, 6)",-3.8721632131958375
BLOCKED_PATH,"('MOVE', 5, 6)",-3.802944875370896
BLOCKED_PATH,"('MOVE', 6, 5)",-3.813800835951033
BLOCKED_PATH,"('MOVE', 7, 6)",-3.7742743337101246
BLOCKED_PATH,"('MOVE', 6, 6)",-3.5869164758063072
BLOCKED_PATH,"('WAIT', 6, 6)",-3.524572505336737
BLOCKED_PATH,"('MOVE', 5, 6)",-3.463731007285685
BLOCKED_PATH,"('WAIT', 5, 6)",-3.4043557724840636
BLOCKED_PATH,"('WAIT', 5, 6)",-3.3464114643937273
BLOCKED_PATH,"('WAIT', 5, 6)",-3.2898635980773134
BLOCKED_PATH,"('WAIT', 5, 6)",-3.2346785196748957
BLOCKED_PATH,"('WAIT', 5, 6)",-3.1808233863752515
BLOCKED_PATH,"('MOVE', 4, 6)",-3.1282661468698096
BLOCKED_PATH,"('MOVE', 5, 6)",-3.0769755222776567
BLOCKED_PATH,"('MOVE', 5, 5)",-3.0420141563971383
BLOCKED_PATH,"('MOVE', 4, 6)",-3.101031670714821
BLOCKED_PATH,"('MOVE', 3, 6)",-2.9298987744953777
BLOCKED_PATH,"('MOVE', 4, 5)",-2.8860049281435645
BLOCKED_PATH,"('WAIT', 4, 5)",-2.974866051012066
BLOCKED_PATH,"('MOVE', 4, 6)",-2.9102451236836933
BLOCKED_PATH,"('MOVE', 3, 5)",-2.733945242237546
BLOCKED_PATH,"('MOVE', 4, 5)",-2.827855625577087
BLOCKED_PATH,"('MOVE', 3, 5)",-2.775298447201768
BLOCKED_PATH,"('WAIT', 3, 5)",-2.724252469689429
BLOCKED_PATH,"('MOVE', 4, 5)",-2.674674240782569
BLOCKED_PATH,"('WAIT', 4, 5)",-2.6265215576265497
BLOCKED_PATH,"('MOVE', 5, 5)",-2.5797534308449332
BLOCKED_PATH,"('MOVE', 4, 5)",-2.5343300496477856
BLOCKED_PATH,"('WAIT', 4, 5)",-2.490212747943232
BLOCKED_PATH,"('MOVE', 3, 5)",-2.4473639714234237
BLOCKED_PATH,"('MOVE', 4, 5)",-2.4057472455968996
BLOCKED_PATH,"('MOVE', 5, 5)",-2.3653271447401245
BLOCKED_PATH,"('WAIT', 5, 5)",-2.3260692617417797
BLOCKED_PATH,"('MOVE', 4, 5)",-2.287940178814135
BLOCKED_PATH,"('MOVE', 3, 5)",-2.2509074390465704
BLOCKED_PATH,"('MOVE', 4, 5)",-2.2149395187770318
BLOCKED_PATH,"('BOMB', 4, 5)",-50.377378639406814
BOMB_EVADE,"('MOVE', 3, 6)",-9.89323262481418
BOMB_EVADE,"('MOVE', 2, 6)",-8.344101151819249
BOMB_EVADE,"('MOVE', 1, 6)",-8.02822016214385
BOMB_EVADE,"('MOVE', 0, 6)",-7.708821106399717
BOMB_EVADE,"('WAIT', 0, 6)",-7.530414783348645
BOMB_EVADE,"('WAIT', 0, 6)",-7.356752783569844
BOMB_EVADE,"('WAIT', 0, 6)",-7.187708942233915
BOMB_EVADE,"('WAIT', 0, 6)",-7.02316044958725
BOMB_EVADE,"('WAIT', 0, 6)",-6.8629877617311905
BOMB_EVADE,"('WAIT', 0, 6)",-6.707074513773796
BOMB_EVADE,"('WAIT', 0, 6)",-6.555307435291169
BOMB_EVADE,"('WAIT', 0, 6)",2.004605129646236
BOMB_EVADE,"('BOMB', 0, 6)",0.8767362640344478
BOMB_EVADE,"('WAIT', 0, 6)",-15.586423706820234
BOMB_EVADE,"('MOVE', 1, 5)",-4.114728970246524
BOMB_EVADE,"('WAIT', 1, 5)",-2.613980395463936
BOMB_EVADE,"('WAIT', 1, 5)",-2.568377625287393
BOMB_EVADE,"('WAIT', 1, 5)",-2.5240633544343973
BOMB_EVADE,"('MOVE', 2, 6)",-8.228620534822136
BOMB_EVADE,"('MOVE', 1, 5)",-1.7205740122380586
BOMB_EVADE,"('WAIT', 1, 5)",-0.28747192103354824
BOMB_EVADE,"('WAIT', 1, 5)",-0.3076042933478358
BOMB_EVADE,"('WAIT', 1, 5)",-0.3271678285496421
BOMB_EVADE,"('WAIT', 1, 5)",-0.34617859904491544
BOMB_EVADE,"('MOVE', 2, 4)",3.6458446487270253
BOMB_EVADE,"('WAIT', 2, 4)",3.215750110886424
BOMB_EVADE,"('WAIT', 2, 4)",2.8254720812304006
BLOCKED_PATH,"('MOVE', 1, 5)",9.716299215752585
BLOCKED_PATH,"('MOVE', 0, 4)",13.028568639874448
BLOCKED_PATH,"('BOMB', 0, 4)",24.43505505682085
BOMB_EVADE,"('MOVE', 1, 5)",5.85193937523821
BOMB_EVADE,"('MOVE', 2, 5)",7.313229569124309
BOMB_EVADE,"('MOVE', 3, 5)",7.316930374741884
BOMB_EVADE,"('MOVE', 4, 5)",7.311203986241257
BOMB_EVADE,"('MOVE', 5, 4)",7.934978110537583
BOMB_EVADE,"('MOVE', 4, 3)",8.012782204664608
BOMB_EVADE,"('MOVE', 5, 2)",8.551269733782652
BOMB_EVADE,"('MOVE', 6, 1)",9.028036302768134
BOMB_EVADE,"('MOVE', 7, 0)",9.430293418647153
BOMB_EVADE,"('WAIT', 7, 0)",8.783673012250135
BOMB_EVADE,"('WAIT', 7, 0)",8.177139488665212
BOMB_EVADE,"('MOVE', 6, 0)",10.508688958642983
BOMB_EVADE,"('MOVE', 7, 0)",9.198419938697757
BOMB_EVADE,"('MOVE', 6, 0)",8.037325591106407
BLOCKED_PATH,"('MOVE', 5, 0)",8.323899250814296
BLOCKED_PATH,"('MOVE', 4, 0)",10.927504731208613
BLOCKED_PATH,"('WAIT', 4, 0)",10.045331943609527
BLOCKED_PATH,"('WAIT', 4, 0)",9.228405730605722
BLOCKED_PATH,"('WAIT', 4, 0)",8.471900376015217
BLOCKED_PATH,"('WAIT', 4, 0)",7.7713470795066115
BLOCKED_PATH,"('WAIT', 4, 0)",7.122607558667759
BLOCKED_PATH,"('WAIT', 4, 0)",6.521849603497595
BLOCKED_PATH,"('WAIT', 4, 0)",5.96552443891758
BLOCKED_PATH,"('WAIT', 4, 0)",5.450345761579354
BLOCKED_PATH,"('WAIT', 4, 0)",4.9732703271356735
BLOCKED_PATH,"('WAIT', 4, 0)",4.531479973300431
BLOCKED_PATH,"('WAIT', 4, 0)",4.122364972505082
BLOCKED_PATH,"('WAIT', 4, 0)",3.7435086158128774
BLOCKED_PATH,"('WAIT', 4, 0)",3.3926729370256092
BLOCKED_PATH,"('WAIT', 4, 0)",3.067785492652801
BLOCKED_PATH,"('WAIT', 4, 0)",2.7669271196505023
BLOCKED_PATH,"('WAIT', 4, 0)",2.4883205986126398
BLOCKED_PATH,"('WAIT', 4, 0)",2.230320155446553
BLOCKED_PATH,"('WAIT', 4, 0)",1.991401739517403
BLOCKED_PATH,"('WAIT', 4, 0)",1.7701540208328752
BLOCKED_PATH,"('WAIT', 4, 0)",1.565270053087064
BLOCKED_PATH,"('WAIT', 4, 0)",1.3755395533158048
BLOCKED_PATH,"('WAIT', 4, 0)",1.1998417525580984
BLOCKED_PATH,"('WAIT', 4, 0)",1.0371387752913361
BLOCKED_PATH,"('WAIT', 4, 0)",0.8864695085315614
BLOCKED_PATH,"('WAIT', 4, 0)",0.7469439243825512
BLOCKED_PATH,"('WAIT', 4, 0)",0.6177378224960856
BLOCKED_PATH,"('WAIT', 4, 0)",0.4980879613862644
BLOCKED_PATH,"('WAIT', 4, 0)",0.38728754983775115
BLOCKED_PATH,"('MOVE', 3, 0)",0.2947514121434948
BLOCKED_PATH,"('WAIT', 3, 0)",0.22309176334951414
BLOCKED_PATH,"('MOVE', 2, 0)",0.15539820813698424
BLOCKED_PATH,"('MOVE', 3, 0)",0.09145123805782372
BLOCKED_PATH,"('MOVE', 2, 1)",0.0323475339000698
BLOCKED_PATH,"('MOVE', 1, 0)",0.23739850435350363
BLOCKED_PATH,"('MOVE', 1, 1)",-0.09731020681136622
BLOCKED_PATH,"('MOVE', 1, 0)",0.10955586679436449
BLOCKED_PATH,"('MOVE', 2, 1)",-0.20999054277362067
BLOCKED_PATH,"('MOVE', 3, 2)",0.007949021836188664
BLOCKED_PATH,"('MOVE', 2, 1)",0.18497621338698225
BLOCKED_PATH,"('MOVE', 1, 2)",-0.10052925610784601
BLOCKED_PATH,"('WAIT', 1, 2)",0.0768709535669067
BLOCKED_PATH,"('WAIT', 1, 2)",0.030872753832829964
BLOCKED_PATH,"('MOVE', 0, 3)",-0.01275389010572681
BLOCKED_PATH,"('MOVE', 1, 2)",0.14771845684660007
BLOCKED_PATH,"('MOVE', 0, 3)",-0.10683180049554797
BLOCKED_PATH,"('MOVE', 1, 2)",0.05341288257192144
BLOCKED_PATH,"('MOVE', 0, 3)",-0.19279160794642353
BLOCKED_PATH,"('MOVE', 1, 4)",-0.02948571256069356
BLOCKED_PATH,"('MOVE', 0, 3)",0.11019061266473035
BLOCKED_PATH,"('MOVE', 1, 4)",-0.10938721133523947
BLOCKED_PATH,"('MOVE', 0, 3)",0.02752911636765249
BLOCKED_PATH,"('MOVE', 1, 4)",-0.18539300824721655
BLOCKED_PATH,"('MOVE', 2, 4)",-0.0467396161240233
BLOCKED_PATH,"('MOVE', 3, 4)",-0.07795163201713701
BLOCKED_PATH,"('MOVE', 3, 5)",-0.10776356694272873
BLOCKED_PATH,"('MOVE', 2, 4)",0.021359166013121246
BLOCKED_PATH,"('MOVE', 3, 5)",-0.17014811259392795
BLOCKED_PATH,"('MOVE', 3, 6)",-0.03770949192169746
BLOCKED_PATH,"('MOVE', 3, 5)",0.06123325763070714
BLOCKED_PATH,"('MOVE', 3, 6)",-0.09668625364255512
BLOCKED_PATH,"('WAIT', 3, 6)",0.0036761266127197994
BLOCKED_PATH,"('MOVE', 4, 7)",-0.019285613599015757
BLOCKED_PATH,"('MOVE', 5, 8)",0.05629543144768501
BLOCKED_PATH,"('MOVE', 4, 9)",0.10617799562666493
BLOCKED_PATH,"('MOVE', 5, 8)",0.18533854532664978
BLOCKED_PATH,"('MOVE', 4, 7)",0.09320091932769997
BLOCKED_PATH,"('MOVE', 3, 8)",-0.026588838071363953
BLOCKED_PATH,"('MOVE', 4, 7)",0.04554903796213131
BLOCKED_PATH,"('MOVE', 3, 8)",-0.06977392825518879
BLOCKED_PATH,"('MOVE', 4, 7)",-0.0009601990121892098
BLOCKED_PATH,"('MOVE', 5, 8)",-0.11192331431735225
BLOCKED_PATH,"('MOVE', 6, 8)",-0.042163908081827677
BLOCKED_PATH,"('MOVE', 5, 9)",-0.05816942009747902
BLOCKED_PATH,"('MOVE', 5, 8)",0.005259129389708625
BLOCKED_PATH,"('MOVE', 6, 9)",-0.09119938624943473
BLOCKED_PATH,"('MOVE', 5, 10)",-0.025441202057667433
BLOCKED_PATH,"('MOVE', 4, 10)",0.018046943892540045
BLOCKED_PATH,"('MOVE', 3, 10)",0.007048652808936429
BLOCKED_PATH,"('MOVE', 4, 10)",-0.0038308201715479243
BLOCKED_PATH,"('MOVE', 3, 10)",-0.014592758679389925
BLOCKED_PATH,"('MOVE', 2, 10)",-0.02523843247759042
BLOCKED_PATH,"('MOVE', 1, 10)",-0.035769097611489026
BLOCKED_PATH,"('MOVE', 0, 10)",-0.04618599655696048
BLOCKED_PATH,"('MOVE', 1, 10)",-0.05649035836700993
BLOCKED_PATH,"('MOVE', 0, 10)",-0.06668339881678462
BLOCKED_PATH,"('MOVE', 1, 10)",-0.07676632054701879
BLOCKED_PATH,"('WAIT', 1, 10)",-0.08674031320592912
BLOCKED_PATH,"('MOVE', 0, 10)",-0.09660655358957697
BLOCKED_PATH,"('WAIT', 0, 10)",-0.1063662057807145
BLOCKED_PATH,"('MOVE', 1, 10)",-0.1160204212861306
BLOCKED_PATH,"('WAIT', 1, 10)",-0.12557033917251312
BLOCKED_PATH,"('MOVE', 0, 10)",-0.13501708620084332
BLOCKED_PATH,"('MOVE', 1, 10)",-0.14436177695933836
BLOCKED_PATH,"('MOVE', 0, 9)",-0.1775439395901091
BLOCKED_PATH,"('MOVE', 0, 10)",-0.22256708025932795
BLOCKED_PATH,"('MOVE', 1, 10)",-0.1769493195584654
BLOCKED_PATH,"('MOVE', 2, 10)",-0.18584100280977284
BLOCKED_PATH,"('MOVE', 3, 9)",-0.2249588019325096
BLOCKED_PATH,"('MOVE', 4, 10)",-0.2623083958047601
BLOCKED_PATH,"('WAIT', 4, 10)",-0.21626129679191092
BLOCKED_PATH,"('WAIT', 4, 10)",-0.22472828001216452
BLOCKED_PATH,"('BOMB', 4, 10)",-10.343299269292473
BOMB_EVADE,"('MOVE', 5, 9)",3.0634840494984985
BOMB_EVADE,"('MOVE', 6, 8)",4.223021628963567
BOMB_EVADE,"('MOVE', 7, 8)",4.220628941948525
BOMB_EVADE,"('WAIT', 7, 8)",4.1260502348007595
BOMB_EVADE,"('WAIT', 7, 8)",4.033184947998553
BOMB_EVADE,"('MOVE', 7, 9)",3.5682575435122823
BOMB_EVADE,"('MOVE', 7, 8)",3.9221819049170006
BOMB_EVADE,"('WAIT', 7, 8)",3.833009966805762
BOMB_EVADE,"('WAIT', 7, 8)",3.7454534981550425
BOMB_EVADE,"('WAIT', 7, 8)",3.6594832325651976
BOMB_EVADE,"('WAIT', 7, 8)",3.5750704338367316
BOMB_EVADE,"('WAIT', 7, 8)",8.516377156989448
BOMB_EVADE,"('MOVE', 6, 8)",7.787227594212917
BOMB_EVADE,"('WAIT', 6, 8)",7.1139458345012
BLOCKED_PATH,"('BOMB', 6, 8)",6.95120082122958
BOMB_EVADE,"('MOVE', 7, 9)",4.990795257605704
BOMB_EVADE,"('WAIT', 7, 9)",5.590588297308142
BOMB_EVADE,"('WAIT', 7, 9)",5.500766429101063
BOMB_EVADE,"('WAIT', 7, 9)",5.412168725967607
BOMB_EVADE,"('WAIT', 7, 9)",5.324778503995971
BOMB_EVADE,"('WAIT', 7, 9)",5.238579306656192
BOMB_EVADE,"('WAIT', 7, 9)",5.1535549017012094
BOMB_EVADE,"('WAIT', 7, 9)",5.0696892781101575
BOMB_EVADE,"('WAIT', 7, 9)",4.986966643073309
BOMB_EVADE,"('WAIT', 7, 9)",4.9053714190181275
BOMB_EVADE,"('WAIT', 7, 9)",4.824888240675831
BOMB_EVADE,"('WAIT', 7, 9)",8.144798623564546
BOMB_EVADE,"('WAIT', 7, 9)",7.47299790473648
BOMB_EVADE,"('MOVE', 6, 8)",3.444647005708794
BLOCKED_PATH,"('BOMB', 6, 8)",4.68568122151465
BOMB_EVADE,"('MOVE', 5, 9)",6.7173851298637075
BOMB_EVADE,"('MOVE', 4, 9)",7.340471629821149
BOMB_EVADE,"('MOVE', 3, 9)",7.267880849263824
BOMB_EVADE,"('MOVE', 2, 9)",7.185462656789324
BOMB_EVADE,"('MOVE', 1, 8)",7.988786720482993
BOMB_EVADE,"('MOVE', 0, 8)",7.988703714912614
BOMB_EVADE,"('MOVE', 0, 7)",8.719078468158676
BOMB_EVADE,"('MOVE', 0, 6)",9.417687920519464
BOMB_EVADE,"('MOVE', 0, 5)",10.076610685023164
BOMB_EVADE,"('MOVE', 0, 4)",10.687373773023845
BOMB_EVADE,"('MOVE', 0, 3)",11.24114689175294
BOMB_EVADE,"('MOVE', 0, 2)",11.989282304483394
BOMB_EVADE,"('MOVE', 1, 1)",12.05121771598536
BOMB_EVADE,"('MOVE', 2, 0)",12.036278978021077
BLOCKED_PATH,"('MOVE', 1, 0)",2.2755026811560986
BLOCKED_PATH,"('BOMB', 1, 0)",6.8506207148656495
BOMB_EVADE,"('MOVE', 2, 1)",7.934205832514637
BOMB_EVADE,"('WAIT', 2, 1)",9.91355436025493
BOMB_EVADE,"('WAIT', 2, 1)",9.387527086381146
BOMB_EVADE,"('WAIT', 2, 1)",8.886854035680226
BOMB_EVADE,"('WAIT', 2, 1)",8.410313148641901
BOMB_EVADE,"('WAIT', 2, 1)",7.95674126834725
BOMB_EVADE,"('WAIT', 2, 1)",7.525031301396441
BOMB_EVADE,"('MOVE', 2, 0)",3.8141577473049937
BOMB_EVADE,"('MOVE', 2, 1)",6.853167006136741
BOMB_EVADE,"('WAIT', 2, 1)",8.884621006394969
BOMB_EVADE,"('MOVE', 1, 2)",3.603517204404212
BLOCKED_PATH,"('BOMB', 0, 0)",7.184067114515603
BOMB_EVADE,"('MOVE', 1, 1)",-38.77302617896604
BOMB_EVADE,"('MOVE', 0, 0)",-101.40457069659257
BOMB_EVADE,"('MOVE', 0, 1)",-24.80288433504442
BOMB_EVADE,"('MOVE', 1, 1)",11.441709330586626
BOMB_EVADE,"('WAIT', 1, 1)",13.251998132935082
BOMB_EVADE,"('WAIT', 1, 1)",12.565059718771453
BOMB_EVADE,"('MOVE', 1, 2)",10.63545167116304
BOMB_EVADE,"('MOVE', 1, 1)",11.904243922450238
BOMB_EVADE,"('WAIT', 1, 1)",11.282266514553744
BOMB_EVADE,"('MOVE', 0, 1)",-1.4056294577564028
BOMB_EVADE,"('MOVE', 1, 1)",14.510975845714011
BLOCKED_PATH,"('MOVE', 1, 1)",-18.329471839182524
BLOCKED_PATH,"('MOVE', 1, 2)",-15.5720834373841
BLOCKED_PATH,"('MOVE', 2, 2)",-14.736068128230464
BLOCKED_PATH,"('MOVE', 3, 2)",-14.149336353888875
BLOCKED_PATH,"('MOVE', 2, 2)",-13.587666640379272
BLOCKED_PATH,"('MOVE', 3, 2)",-13.049988469756977
BLOCKED_PATH,"('WAIT', 3, 2)",-12.535277050910295
BLOCKED_PATH,"('MOVE', 4, 2)",-12.042551366353406
BLOCKED_PATH,"('MOVE', 3, 2)",-11.57087230244989
BLOCKED_PATH,"('MOVE', 4, 2)",-11.119340859503138
BLOCKED_PATH,"('WAIT', 4, 2)",-10.687096438302202
BLOCKED_PATH,"('MOVE', 5, 2)",-10.27331519985727
BLOCKED_PATH,"('WAIT', 5, 2)",-9.877208495198548
BLOCKED_PATH,"('MOVE', 6, 2)",-9.498021362245744
BLOCKED_PATH,"('WAIT', 6, 2)",-9.135031086883336
BLOCKED_PATH,"('MOVE', 7, 2)",-8.787545825499013
BLOCKED_PATH,"('MOVE', 7, 1)",-9.11303541974356
BLOCKED_PATH,"('MOVE', 6, 2)",-8.04339211529066
BLOCKED_PATH,"('MOVE', 5, 2)",-7.528962457623674
BLOCKED_PATH,"('MOVE', 6, 1)",-7.827200688436758
BLOCKED_PATH,"('MOVE', 5, 2)",-6.930329295940646
BLOCKED_PATH,"('WAIT', 5, 2)",-6.463443762025396
BLOCKED_PATH,"('MOVE', 4, 2)",-6.230074502162705
BLOCKED_PATH,"('WAIT', 4, 2)",-6.00667353589304
BLOCKED_PATH,"('MOVE', 5, 2)",-5.792815070731073
BLOCKED_PATH,"('WAIT', 5, 2)",-5.588091501781839
BLOCKED_PATH,"('MOVE', 6, 2)",-5.392112634863622
BLOCKED_PATH,"('MOVE', 5, 2)",-5.204504942814877
BLOCKED_PATH,"('WAIT', 5, 2)",-5.024910853567771
BLOCKED_PATH,"('WAIT', 5, 2)",-4.852988068631442
BLOCKED_PATH,"('WAIT', 5, 2)",-4.688408910686021
BLOCKED_PATH,"('MOVE', 6, 2)",-4.530859699043975
BLOCKED_PATH,"('MOVE', 5, 2)",-4.380040151788412
BLOCKED_PATH,"('WAIT', 5, 2)",-4.2356628134488625
BLOCKED_PATH,"('WAIT', 5, 2)",-4.097452507123706
BLOCKED_PATH,"('WAIT', 5, 2)",-3.965145810005015
BLOCKED_PATH,"('MOVE', 4, 2)",-3.838490551306186
BLOCKED_PATH,"('WAIT', 4, 2)",-3.717245331635435
BLOCKED_PATH,"('WAIT', 4, 2)",-3.6011790628990954
BLOCKED_PATH,"('MOVE', 3, 2)",-3.49007052785781
BLOCKED_PATH,"('WAIT', 3, 2)",-3.3837079584961276
BLOCKED_PATH,"('MOVE', 4, 2)",-3.2818886324019165
BLOCKED_PATH,"('MOVE', 5, 2)",-3.1844184863863
BLOCKED_PATH,"('MOVE', 6, 2)",-3.091111746607694
BLOCKED_PATH,"('MOVE', 7, 2)",-3.001790574494978
BLOCKED_PATH,"('MOVE', 6, 2)",-2.916284727794943
BLOCKED_PATH,"('MOVE', 5, 2)",-2.8344312360979953
BLOCKED_PATH,"('MOVE', 4, 2)",-2.756074090223671
BLOCKED_PATH,"('MOVE', 3, 2)",-2.6810639448739515
BLOCKED_PATH,"('WAIT', 3, 2)",-2.6092578339876455
BLOCKED_PATH,"('MOVE', 4, 2)",-2.5405188982533256
BLOCKED_PATH,"('WAIT', 4, 2)",-2.474716124261452
BLOCKED_PATH,"('WAIT', 4, 2)",-2.4117240947985397
BLOCKED_PATH,"('MOVE', 5, 2)",-2.3514227498074223
BLOCKED_PATH,"('WAIT', 5, 2)",-2.2936971575580305
BLOCKED_PATH,"('MOVE', 6, 2)",-2.2384372955925325
BLOCKED_PATH,"('MOVE', 5, 1)",-2.4266283352684024
BLOCKED_PATH,"('MOVE', 6, 2)",-2.249456069947774
BLOCKED_PATH,"('MOVE', 5, 2)",-1.9825125447439107
BLOCKED_PATH,"('MOVE', 6, 2)",-1.9405448343839358
BLOCKED_PATH,"('MOVE', 7, 2)",-1.9003697614027717
BLOCKED_PATH,"('WAIT', 7, 2)",-1.8619107538658444
BLOCKED_PATH,"('MOVE', 6, 1)",-2.0425466817873517
BLOCKED_PATH,"('MOVE', 5, 2)",-1.9161923202802815
BLOCKED_PATH,"('MOVE', 6, 2)",-1.6634840499791128
BLOCKED_PATH,"('MOVE', 7, 2)",-1.63514354014344
BLOCKED_PATH,"('WAIT', 7, 2)",-1.6080135861572575
BLOCKED_PATH,"('WAIT', 7, 2)",-1.5820424795130887
BLOCKED_PATH,"('MOVE', 6, 2)",-1.5571807204158816
BLOCKED_PATH,"('MOVE', 7, 2)",-1.5333809234385607
BLOCKED_PATH,"('MOVE', 6, 1)",-1.7075376854849498
BLOCKED_PATH,"('MOVE', 7, 2)",-1.6253590685478942
BLOCKED_PATH,"('MOVE', 6, 2)",-1.3850736479467627
BLOCKED_PATH,"('MOVE', 7, 2)",-1.3686253497436074
BLOCKED_PATH,"('MOVE', 6, 2)",-1.3528796353584374
BLOCKED_PATH,"('WAIT', 6, 2)",-1.337806494147282
BLOCKED_PATH,"('WAIT', 6, 2)",-1.323377197361268
BLOCKED_PATH,"('MOVE', 6, 1)",-1.4935729530413544
BLOCKED_PATH,"('MOVE', 7, 2)",-1.4393695951141903
BLOCKED_PATH,"('WAIT', 7, 2)",-1.2070286556220549
BLOCKED_PATH,"('MOVE', 6, 2)",-1.1981854925481157
BLOCKED_PATH,"('WAIT', 6, 2)",-1.1897200623678057
BLOCKED_PATH,"('MOVE', 7, 2)",-1.181616230340904
BLOCKED_PATH,"('MOVE', 6, 2)",-1.173858550917478
BLOCKED_PATH,"('MOVE', 5, 2)",-1.1664322382993408
BLOCKED_PATH,"('MOVE', 4, 2)",-1.1593231382589646
BLOCKED_PATH,"('MOVE', 5, 2)",-1.1525177011621413
BLOCKED_PATH,"('MOVE', 4, 2)",-1.1460029561429717
BLOCKED_PATH,"('WAIT', 4, 2)",-1.1397664863819617
BLOCKED_PATH,"('MOVE', 3, 2)",-1.1337964054401062
BLOCKED_PATH,"('MOVE', 4, 2)",-1.1280813346038558
BLOCKED_PATH,"('WAIT', 4, 2)",-1.1226103811977852
BLOCKED_PATH,"('MOVE', 3, 2)",-1.1173731178236306
BLOCKED_PATH,"('MOVE', 2, 2)",-1.1123595624861229
BLOCKED_PATH,"('WAIT', 2, 2)",-1.1075601595677405
BLOCKED_PATH,"('MOVE', 3, 1)",-1.2737231786429917
BLOCKED_PATH,"('MOVE', 2, 2)",-1.2482143032222526
BLOCKED_PATH,"('MOVE', 1, 2)",-1.0240385011289366
BLOCKED_PATH,"('MOVE', 2, 2)",-1.0230117042109084
BLOCKED_PATH,"('MOVE', 3, 2)",-1.0220287665961376
BLOCKED_PATH,"('MOVE', 2, 2)",-1.0210878148484577
BLOCKED_PATH,"('MOVE', 3, 2)",-1.0201870555549308
BLOCKED_PATH,"('MOVE', 2, 2)",-1.0193247719076814
BLOCKED_PATH,"('WAIT', 2, 2)",-1.0184993204317356
BLOCKED_PATH,"('MOVE', 1, 2)",-1.0177091278526296
BLOCKED_PATH,"('MOVE', 0, 2)",-1.0169526880978164
BLOCKED_PATH,"('MOVE', 1, 2)",-1.016228559426159
BLOCKED_PATH,"('WAIT', 1, 2)",-1.0155353616800333
BLOCKED_PATH,"('MOVE', 0, 2)",-1.0148717736548085
BLOCKED_PATH,"('MOVE', 1, 2)",-1.014236530580689
BLOCKED_PATH,"('WAIT', 1, 2)",-1.0136284217121179
BLOCKED_PATH,"('MOVE', 2, 2)",-1.0130462880201487
BLOCKED_PATH,"('WAIT', 2, 2)",-1.0124890199833878
BLOCKED_PATH,"('MOVE', 1, 2)",-1.011955555473294
BLOCKED_PATH,"('WAIT', 1, 2)",-1.0114448777298088
BLOCKED_PATH,"('WAIT', 1, 2)",-1.0109560134234552
BLOCKED_PATH,"('MOVE', 0, 2)",-1.010488030800215
BLOCKED_PATH,"('WAIT', 0, 2)",-1.0100400379056462
BLOCKED_PATH,"('MOVE', 1, 2)",-1.0096111808848567
BLOCKED_PATH,"('MOVE', 0, 2)",-1.0092006423550937
BLOCKED_PATH,"('WAIT', 0, 2)",-1.0088076398478483
BLOCKED_PATH,"('MOVE', 1, 2)",-1.0084314243175054
BLOCKED_PATH,"('MOVE', 2, 2)",-1.0080712787136938
BLOCKED_PATH,"('MOVE', 3, 2)",-1.0077265166146214
BLOCKED_PATH,"('WAIT', 3, 2)",-1.0073964809187836
BLOCKED_PATH,"('MOVE', 4, 2)",-1.0070805425925573
BLOCKED_PATH,"('MOVE', 5, 2)",-1.0067780994712907
BLOCKED_PATH,"('MOVE', 6, 2)",-1.006488575111603
BLOCKED_PATH,"('WAIT', 6, 2)",-1.0062114176927086
BLOCKED_PATH,"('MOVE', 5, 2)",-1.005946098964671
BLOCKED_PATH,"('MOVE', 6, 2)",-1.0056921132415817
BLOCKED_PATH,"('WAIT', 6, 2)",-1.0054489764377443
BLOCKED_PATH,"('MOVE', 7, 1)",-1.1699718185043582
BLOCKED_PATH,"('MOVE', 7, 2)",-1.157649537362044
BLOCKED_PATH,"('MOVE', 6, 2)",-0.9373421803921748
BLOCKED_PATH,"('WAIT', 6, 2)",-0.9400185891964757
BLOCKED_PATH,"('WAIT', 6, 2)",-0.9425806760512967
BLOCKED_PATH,"('MOVE', 7, 2)",-0.9450333241822911
BLOCKED_PATH,"('WAIT', 7, 2)",-0.9473812082296846
BLOCKED_PATH,"('MOVE', 6, 2)",-0.9496288031579347
BLOCKED_PATH,"('MOVE', 5, 2)",-0.9517803927848174
BLOCKED_PATH,"('MOVE', 6, 2)",-0.9538400779461973
BLOCKED_PATH,"('WAIT', 6, 2)",-0.9558117843120411
BLOCKED_PATH,"('MOVE', 5, 2)",-0.957699269868574
BLOCKED_PATH,"('MOVE', 4, 2)",-0.9595061320808359
BLOCKED_PATH,"('MOVE', 3, 1)",-1.1235692538813729
BLOCKED_PATH,"('MOVE', 4, 2)",-1.1167750552263245
BLOCKED_PATH,"('WAIT', 4, 2)",-0.898213638739926
BLOCKED_PATH,"('MOVE', 5, 2)",-0.9025614107361319
BLOCKED_PATH,"('WAIT', 5, 2)",-0.9067234690365442
BLOCKED_PATH,"('WAIT', 5, 2)",-0.9107077463425178
BLOCKED_PATH,"('MOVE', 6, 2)",-0.9145218365125964
BLOCKED_PATH,"('MOVE', 7, 2)",-0.918173009036075
BLOCKED_PATH,"('MOVE', 6, 2)",-0.9216682228883291
BLOCKED_PATH,"('MOVE', 7, 2)",-0.925014139794318
BLOCKED_PATH,"('BOMB', 7, 2)",-48.140844957408866
BOMB_EVADE,"('MOVE', 6, 1)",-40.68268010208166
BOMB_EVADE,"('WAIT', 6, 1)",-36.360024606856676
BOMB_EVADE,"('WAIT', 6, 1)",-34.65569101084751
BOMB_EVADE,"('WAIT', 6, 1)",-33.03350534993686
BOMB_EVADE,"('WAIT', 6, 1)",-31.48950813916428
BOMB_EVADE,"('WAIT', 6, 1)",-30.019930738550823
BOMB_EVADE,"('WAIT', 6, 1)",-28.621186154476632
BOMB_EVADE,"('MOVE', 5, 0)",-29.53361305091791
BOMB_EVADE,"('MOVE', 6, 1)",-24.795449953945845
BOMB_EVADE,"('MOVE', 5, 2)",-30.29414538904044
BOMB_EVADE,"('MOVE', 6, 1)",-20.956882226612624
BLOCKED_PATH,"('MOVE', 1, 1)",4.114753077205021
BLOCKED_PATH,"('MOVE', 2, 1)",4.18025680310173
BLOCKED_PATH,"('MOVE', 3, 0)",4.15576758010906
BLOCKED_PATH,"('MOVE', 3, 1)",3.474304971177925
BLOCKED_PATH,"('MOVE', 3, 0)",3.6766587814239053
BLOCKED_PATH,"('MOVE', 4, 0)",3.141091904823214
BLOCKED_PATH,"('WAIT', 4, 0)",2.9118979539690097
BLOCKED_PATH,"('MOVE', 5, 0)",2.6953890311980935
BLOCKED_PATH,"('WAIT', 5, 0)",2.4908630676431405
BLOCKED_PATH,"('WAIT', 5, 0)",2.297656851323168
BLOCKED_PATH,"('MOVE', 4, 1)",2.0891859752745807
BLOCKED_PATH,"('MOVE', 4, 2)",2.1608860065117015
BLOCKED_PATH,"('MOVE', 5, 1)",2.2907840506511183
BLOCKED_PATH,"('MOVE', 5, 0)",1.9177047347271734
BLOCKED_PATH,"('MOVE', 6, 1)",1.4934459669188784
BLOCKED_PATH,"('MOVE', 5, 2)",1.6272716991031846
BLOCKED_PATH,"('MOVE', 5, 1)",1.7296816546582225
BLOCKED_PATH,"('MOVE', 5, 2)",1.3770453436292707
BLOCKED_PATH,"('WAIT', 5, 2)",1.4890840162088734
BLOCKED_PATH,"('WAIT', 5, 2)",1.3827635853780125
BLOCKED_PATH,"('MOVE', 4, 2)",1.2809845978807024
BLOCKED_PATH,"('MOVE', 3, 2)",1.1835530674116708
BLOCKED_PATH,"('MOVE', 2, 2)",1.0902832937288787
BLOCKED_PATH,"('WAIT', 2, 2)",1.0009975087169691
BLOCKED_PATH,"('WAIT', 2, 2)",0.9155255375690033
BLOCKED_PATH,"('WAIT', 2, 2)",0.8337044744407096
BLOCKED_PATH,"('WAIT', 2, 2)",0.7553783719590594
BLOCKED_PATH,"('WAIT', 2, 2)",0.6803979439933844
BLOCKED_PATH,"('MOVE', 3, 2)",0.6086202811225313
BLOCKED_PATH,"('MOVE', 2, 2)",0.5399085782557462
BLOCKED_PATH,"('BOMB', 2, 2)",-33.02677650795274
BOMB_EVADE,"('WAIT', 2, 2)",-58.65022582858272
BOMB_EVADE,"('WAIT', 2, 2)",-55.8147372962444
BOMB_EVADE,"('WAIT', 2, 2)",-53.27002379290101
BOMB_EVADE,"('WAIT', 2, 2)",-50.98626678233814
BOMB_EVADE,"('MOVE', 2, 1)",-52.88330649795331
BOMB_EVADE,"('MOVE', 2, 0)",-50.447234367570694
BOMB_EVADE,"('MOVE', 2, 1)",-40.73241592739788
BOMB_EVADE,"('MOVE', 2, 2)",-32.705029410766585
BOMB_EVADE,"('WAIT', 2, 2)",-32.53018124238271
BOMB_EVADE,"('WAIT', 2, 2)",-32.37326348727743
BOMB_EVADE,"('WAIT', 2, 2)",-32.23243740888681
BLOCKED_PATH,"('MOVE', 0, 1)",-8.65247424531029
BLOCKED_PATH,"('BOMB', 0, 1)",-65.08502737836567
BOMB_EVADE,"('MOVE', 1, 2)",-73.14435462978784
BOMB_EVADE,"('WAIT', 1, 2)",-67.92699743202793
BOMB_EVADE,"('WAIT', 1, 2)",-65.06823205695349
BOMB_EVADE,"('WAIT', 1, 2)",-62.33157793418834
BOMB_EVADE,"('MOVE', 2, 2)",-60.39520081434951
BOMB_EVADE,"('MOVE', 1, 2)",-56.901164144881264
BOMB_EVADE,"('MOVE', 1, 1)",-87.19801416100269
BOMB_EVADE,"('MOVE', 1, 2)",-38.616148659679865
BOMB_EVADE,"('WAIT', 1, 2)",-34.87365278064313
BOMB_EVADE,"('WAIT', 1, 2)",-33.42675049289377
BOMB_EVADE,"('MOVE', 2, 2)",-32.61014153861886
BOMB_EVADE,"('MOVE', 1, 2)",-37.65037322047096
BOMB_EVADE,"('WAIT', 1, 2)",-33.89193328523042
BOMB_EVADE,"('MOVE', 2, 2)",-30.518915639193775
BLOCKED_PATH,"('MOVE', 1, 2)",-7.55289202368633
BLOCKED_PATH,"('MOVE', 0, 3)",-6.660925900986897
BLOCKED_PATH,"('MOVE', 1, 4)",-5.71582604499742
BLOCKED_PATH,"('MOVE', 2, 5)",-5.097086439934977
BLOCKED_PATH,"('MOVE', 3, 6)",-4.223137259335375
BLOCKED_PATH,"('MOVE', 2, 6)",-4.02496192926275
BLOCKED_PATH,"('MOVE', 1, 6)",-3.9520611847071105
BLOCKED_PATH,"('MOVE', 2, 6)",-3.88091732790115
BLOCKED_PATH,"('WAIT', 2, 6)",-3.8114880183367728
BLOCKED_PATH,"('WAIT', 2, 6)",-3.7437319359004015
BLOCKED_PATH,"('WAIT', 2, 6)",-3.6776087562817494
BLOCKED_PATH,"('MOVE', 1, 6)",-3.613079126975236
BLOCKED_PATH,"('MOVE', 0, 6)",-3.5501046438597665
BLOCKED_PATH,"('MOVE', 1, 6)",-3.4886478283429248
BLOCKED_PATH,"('MOVE', 2, 6)",-3.4286721050559894
BLOCKED_PATH,"('MOVE', 1, 6)",-3.3701417800864966
BLOCKED_PATH,"('MOVE', 0, 6)",-3.3130220197353815
BLOCKED_PATH,"('WAIT', 0, 6)",-3.2572788297860797
BLOCKED_PATH,"('WAIT', 0, 6)",-3.2028790352732295
BLOCKED_PATH,"('MOVE', 1, 6)",-3.149790260738944
BLOCKED_PATH,"('MOVE', 0, 6)",-3.0979809109649037
BLOCKED_PATH,"('MOVE', 1, 6)",-3.047420152168796
BLOCKED_PATH,"('MOVE', 1, 5)",-3.3676967429091915
BLOCKED_PATH,"('MOVE', 0, 6)",-2.979846189107558
BLOCKED_PATH,"('WAIT', 0, 6)",-2.8116338294254644
BLOCKED_PATH,"('WAIT', 0, 6)",-2.767973955973937
BLOCKED_PATH,"('MOVE', 1, 6)",-2.725366273378443
BLOCKED_PATH,"('MOVE', 2, 6)",-2.6837854241308183
BLOCKED_PATH,"('WAIT', 2, 6)",-2.643206661831821
BLOCKED_PATH,"('MOVE', 1, 6)",-2.603605836463575
BLOCKED_PATH,"('WAIT', 1, 6)",-2.564959380016946
BLOCKED_PATH,"('MOVE', 0, 6)",-2.5272442924652907
BLOCKED_PATH,"('MOVE', 1, 6)",-2.4904381280762378
BLOCKED_PATH,"('MOVE', 0, 6)",-2.4545189820533477
BLOCKED_PATH,"('WAIT', 0, 6)",-2.4194654774997075
BLOCKED_PATH,"('WAIT', 0, 6)",-2.3852567526956983
BLOCKED_PATH,"('WAIT', 0, 6)",-2.3518724486833644
BLOCKED_PATH,"('MOVE', 1, 6)",-2.3192926971499976
BLOCKED_PATH,"('MOVE', 2, 5)",-2.593313513304506
BLOCKED_PATH,"('MOVE', 2, 6)",-2.3046815367610716
BLOCKED_PATH,"('MOVE', 3, 6)",-2.152740458174309
BLOCKED_PATH,"('MOVE', 4, 6)",-2.124959732450994
BLOCKED_PATH,"('MOVE', 5, 6)",-2.09784851452212
BLOCKED_PATH,"('WAIT', 5, 6)",-2.071390669435299
BLOCKED_PATH,"('MOVE', 4, 6)",-2.0455704510860273
BLOCKED_PATH,"('WAIT', 4, 6)",-2.020372492846558
BLOCKED_PATH,"('MOVE', 5, 6)",-1.9957817984206159
BLOCKED_PATH,"('WAIT', 5, 6)",-1.9717837329185124
BLOCKED_PATH,"('MOVE', 6, 6)",-1.9483640141473462
BLOCKED_PATH,"('MOVE', 5, 6)",-1.9255087041111083
BLOCKED_PATH,"('MOVE', 6, 6)",-1.9032042007156327
BLOCKED_PATH,"('WAIT', 6, 6)",-1.8814372296734556
BLOCKED_PATH,"('MOVE', 5, 6)",-1.860194836603763
BLOCKED_PATH,"('MOVE', 5, 5)",-2.1052019976797274
BLOCKED_PATH,"('MOVE', 4, 6)",-1.8789379290838861
BLOCKED_PATH,"('MOVE', 5, 6)",-1.7372571535076262
BLOCKED_PATH,"('MOVE', 4, 5)",-1.9746791876359777
BLOCKED_PATH,"('MOVE', 4, 6)",-1.7648835150930233
BLOCKED_PATH,"('MOVE', 3, 6)",-1.625951419299923
BLOCKED_PATH,"('WAIT', 3, 6)",-1.6108661634885397
BLOCKED_PATH,"('MOVE', 4, 6)",-1.5961444581634694
BLOCKED_PATH,"('MOVE', 3, 6)",-1.581777541858699
BLOCKED_PATH,"('WAIT', 3, 6)",-1.567756864257118
BLOCKED_PATH,"('MOVE', 4, 6)",-1.5540740811018914
BLOCKED_PATH,"('WAIT', 4, 6)",-1.5407210492304608
BLOCKED_PATH,"('WAIT', 4, 6)",-1.527689821728231
BLOCKED_PATH,"('MOVE', 3, 5)",-1.7520661303534615
BLOCKED_PATH,"('MOVE', 2, 6)",-1.5704895317315521
BLOCKED_PATH,"('MOVE', 3, 6)",-1.4362422770887142
BLOCKED_PATH,"('WAIT', 3, 6)",-1.4257289590536124
BLOCKED_PATH,"('MOVE', 4, 6)",-1.41546900907088
BLOCKED_PATH,"('WAIT', 4, 6)",-1.4054563210406399
BLOCKED_PATH,"('MOVE', 3, 5)",-1.6223768776888194
BLOCKED_PATH,"('MOVE', 2, 6)",-1.4570658521850453
BLOCKED_PATH,"('WAIT', 2, 6)",-1.3255520767999764
BLOCKED_PATH,"('MOVE', 3, 6)",-1.3177063619297278
BLOCKED_PATH,"('MOVE', 4, 6)",-1.3100497266145237
BLOCKED_PATH,"('WAIT', 4, 6)",-1.3025776140894647
BLOCKED_PATH,"('WAIT', 4, 6)",-1.2952855774064223
BLOCKED_PATH,"('MOVE', 3, 6)",-1.2881692767874862
BLOCKED_PATH,"('WAIT', 3, 6)",-1.2812244770421923
BLOCKED_PATH,"('WAIT', 3, 6)",-1.274447045046993
BLOCKED_PATH,"('MOVE', 2, 6)",-1.2678329472854724
BLOCKED_PATH,"('BOMB', 2, 6)",-59.60626886074685
BOMB_EVADE,"('MOVE', 1, 5)",-11.301810853252958
BOMB_EVADE,"('MOVE', 0, 5)",-9.049850947656095
BOMB_EVADE,"('WAIT', 0, 5)",-8.81838985946587
BOMB_EVADE,"('WAIT', 0, 5)",-8.59358407901918
BOMB_EVADE,"('WAIT', 0, 5)",-8.375242243173698
BOMB_EVADE,"('WAIT', 0, 5)",-8.16317849114006
BOMB_EVADE,"('WAIT', 0, 5)",-7.957212306270162
BOMB_EVADE,"('MOVE', 1, 6)",-15.841459035693234
BOMB_EVADE,"('MOVE', 0, 5)",-6.244568052410614
BOMB_EVADE,"('WAIT', 0, 5)",-4.656095430848225
BOMB_EVADE,"('WAIT', 0, 5)",-4.55097002760112
BOMB_EVADE,"('MOVE', 1, 4)",11.558455551468539
BOMB_EVADE,"('MOVE', 0, 3)",10.491047942696332
BOMB_EVADE,"('MOVE', 0, 2)",9.417832377456994
BLOCKED_PATH,"('BOMB', 0, 2)",17.24687400603065
BOMB_EVADE,"('MOVE', 1, 1)",3.5859526738575807
BOMB_EVADE,"('MOVE', 1, 0)",7.14765656027289
BOMB_EVADE,"('MOVE', 2, 0)",6.703485144466323
BOMB_EVADE,"('MOVE', 3, 0)",7.299154444495899
BOMB_EVADE,"('MOVE', 4, 0)",7.859211372359496
BOMB_EVADE,"('MOVE', 5, 0)",8.382726027769433
BOMB_EVADE,"('MOVE', 6, 0)",8.868102808205034
BOMB_EVADE,"('MOVE', 7, 0)",9.313199139257065
BOMB_EVADE,"('WAIT', 7, 0)",8.673837929460465
BOMB_EVADE,"('WAIT', 7, 0)",8.074113572503885
BOMB_EVADE,"('WAIT', 7, 0)",7.511568803105998
BOMB_EVADE,"('MOVE', 6, 0)",19.75372406362478
BOMB_EVADE,"('MOVE', 7, 0)",17.390903955550044
BOMB_EVADE,"('WAIT', 7, 0)",15.29709189856083
BLOCKED_PATH,"('MOVE', 6, 0)",8.77481952716775
BLOCKED_PATH,"('MOVE', 5, 0)",8.233819820373258
BLOCKED_PATH,"('MOVE', 4, 0)",7.722762424220744
BLOCKED_PATH,"('MOVE', 3, 0)",7.239990143788805
BLOCKED_PATH,"('MOVE', 4, 0)",6.7839375036976675
BLOCKED_PATH,"('MOVE', 5, 1)",6.147677903851059
BLOCKED_PATH,"('MOVE', 6, 0)",6.337638994711378
BLOCKED_PATH,"('MOVE', 7, 0)",5.654796814339263
BLOCKED_PATH,"('WAIT', 7, 0)",5.286478697024863
BLOCKED_PATH,"('MOVE', 6, 0)",4.938545610136895
BLOCKED_PATH,"('MOVE', 7, 0)",4.609869318473363
BLOCKED_PATH,"('WAIT', 7, 0)",4.299384030431541
BLOCKED_PATH,"('MOVE', 6, 0)",4.006082941988266
BLOCKED_PATH,"('MOVE', 7, 0)",3.729014971958001
BLOCKED_PATH,"('WAIT', 7, 0)",3.4672816779421547
BLOCKED_PATH,"('MOVE', 6, 0)",3.220034342969068
BLOCKED_PATH,"('MOVE', 6, 1)",2.993301458875397
BLOCKED_PATH,"('MOVE', 5, 2)",3.048776363792432
BLOCKED_PATH,"('WAIT', 5, 2)",3.0894075783916586
BLOCKED_PATH,"('MOVE', 6, 2)",2.9147298364005243
BLOCKED_PATH,"('WAIT', 6, 2)",2.7475133985132776
BLOCKED_PATH,"('MOVE', 5, 2)",2.58743955750199
BLOCKED_PATH,"('MOVE', 6, 2)",2.4342032196164483
BLOCKED_PATH,"('BOMB', 6, 2)",-5.327521338562487
BOMB_EVADE,"('WAIT', 6, 2)",-4.706354272540171
BOMB_EVADE,"('MOVE', 7, 1)",1.4163234673845981
BOMB_EVADE,"('MOVE', 7, 0)",4.451979768419703
BOMB_EVADE,"('WAIT', 7, 0)",4.1547638076371545
BOMB_EVADE,"('MOVE', 6, 0)",0.26171760127826005
BOMB_EVADE,"('MOVE', 7, 0)",3.9417082357967246
BOMB_EVADE,"('WAIT', 7, 0)",6.39807162061534
BOMB_EVADE,"('WAIT', 7, 0)",5.994764004289275
BOMB_EVADE,"('WAIT', 7, 0)",5.613442797628851
BOMB_EVADE,"('WAIT', 7, 0)",5.252909406334292
BOMB_EVADE,"('WAIT', 7, 0)",4.91203057775629
BOMB_EVADE,"('MOVE', 6, 0)",19.45403275022152
BLOCKED_PATH,"('MOVE', 1, 0)",4.921738778134273
BLOCKED_PATH,"('WAIT', 1, 0)",4.593992681771052
BLOCKED_PATH,"('MOVE', 2, 0)",4.284386106198238
BLOCKED_PATH,"('MOVE', 1, 0)",3.9919150967748562
BLOCKED_PATH,"('MOVE', 0, 0)",3.7156312639949074
BLOCKED_PATH,"('MOVE', 1, 0)",3.4546387081649397
BLOCKED_PATH,"('MOVE', 1, 1)",3.2097950834659312
BLOCKED_PATH,"('MOVE', 2, 0)",3.249863193969025
BLOCKED_PATH,"('MOVE', 1, 1)",2.769362854780912
BLOCKED_PATH,"('MOVE', 2, 1)",2.8430742912035156
BLOCKED_PATH,"('MOVE', 3, 2)",2.7056541120502247
BLOCKED_PATH,"('MOVE', 2, 2)",2.760941684327747
BLOCKED_PATH,"('MOVE', 3, 2)",2.600294258365603
BLOCKED_PATH,"('MOVE', 4, 2)",2.4465088360276597
BLOCKED_PATH,"('MOVE', 3, 2)",2.2992923090150654
BLOCKED_PATH,"('MOVE', 4, 2)",2.1583640890565823
BLOCKED_PATH,"('MOVE', 3, 2)",2.0234555731195947
BLOCKED_PATH,"('MOVE', 4, 2)",1.8943096314644585
BLOCKED_PATH,"('MOVE', 5, 2)",1.770680117566448
BLOCKED_PATH,"('MOVE', 6, 2)",1.6523313989712272
BLOCKED_PATH,"('WAIT', 6, 2)",1.539037908189686
BLOCKED_PATH,"('MOVE', 7, 2)",1.4305837127761543
BLOCKED_PATH,"('WAIT', 7, 2)",1.326762103770591
BLOCKED_PATH,"('WAIT', 7, 2)",1.2273752017203348
BLOCKED_PATH,"('MOVE', 6, 2)",1.1322335795305076
BLOCKED_PATH,"('MOVE', 5, 2)",1.041155901424246
BLOCKED_PATH,"('BOMB', 5, 2)",0.14174435829367082
BOMB_EVADE,"('MOVE', 4, 1)",-50.016600222354306
BOMB_EVADE,"('WAIT', 4, 1)",-45.244054948479054
BOMB_EVADE,"('WAIT', 4, 1)",-43.111516011904165
BOMB_EVADE,"('WAIT', 4, 1)",-41.08176427061017
BOMB_EVADE,"('WAIT', 4, 1)",-39.149845438730345
BOMB_EVADE,"('WAIT', 4, 1)",-37.31104402423199
BOMB_EVADE,"('WAIT', 4, 1)",-35.560871819185905
BOMB_EVADE,"('WAIT', 4, 1)",-33.895056944798554
BOMB_EVADE,"('WAIT', 4, 1)",-32.309533424467546
BOMB_EVADE,"('WAIT', 4, 1)",-30.800431259410107
BOMB_EVADE,"('WAIT', 4, 1)",-29.364066982640757
BOMB_EVADE,"('MOVE', 4, 2)",-179.04275548234955
BLOCKED_PATH,"('MOVE', 0, 1)",-19.80991428859187
BLOCKED_PATH,"('MOVE', 1, 1)",-18.02251905181583
BLOCKED_PATH,"('MOVE', 0, 2)",-15.390906526040594
BLOCKED_PATH,"('MOVE', 1, 2)",-14.56263013093936
BLOCKED_PATH,"('MOVE', 2, 2)",-13.983306705401729
BLOCKED_PATH,"('MOVE', 2, 1)",-14.524484974359154
BLOCKED_PATH,"('MOVE', 1, 2)",-12.591414207304519
BLOCKED_PATH,"('WAIT', 1, 2)",-11.882717234793063
BLOCKED_PATH,"('MOVE', 0, 2)",-11.417865434902456
BLOCKED_PATH,"('WAIT', 0, 2)",-10.972869631561194
BLOCKED_PATH,"('MOVE', 1, 2)",-10.546881682201988
BLOCKED_PATH,"('MOVE', 2, 2)",-10.139089672397127
BLOCKED_PATH,"('BOMB', 2, 2)",-64.86896205751107
BOMB_EVADE,"('MOVE', 3, 1)",-8.115715442976581
BOMB_EVADE,"('WAIT', 3, 1)",-5.362769601680757
BOMB_EVADE,"('WAIT', 3, 1)",-5.1524865239266155
BOMB_EVADE,"('WAIT', 3, 1)",-4.952338974019903
BOMB_EVADE,"('WAIT', 3, 1)",-4.761838425133625
BOMB_EVADE,"('WAIT', 3, 1)",-4.580519897163195
BOMB_EVADE,"('WAIT', 3, 1)",-4.407940821787462
BOMB_EVADE,"('WAIT', 3, 1)",-4.243679962233164
BOMB_EVADE,"('WAIT', 3, 1)",-4.087336385106136
BOMB_EVADE,"('WAIT', 3, 1)",-3.9385284817796906
BOMB_EVADE,"('WAIT', 3, 1)",-3.796893036951528
BOMB_EVADE,"('WAIT', 3, 1)",-17.62330376543884
BOMB_EVADE,"('WAIT', 3, 1)",-15.827434383577028
BOMB_EVADE,"('MOVE', 4, 1)",-14.225578591445437
BLOCKED_PATH,"('BOMB', 4, 1)",29.408737698965666
BOMB_EVADE,"('MOVE', 5, 0)",20.644885970889707
BOMB_EVADE,"('MOVE', 6, 0)",23.015956840948412
BOMB_EVADE,"('MOVE', 7, 0)",22.54509881158885
BOMB_EVADE,"('WAIT', 7, 0)",21.2419656419059
BOMB_EVADE,"('WAIT', 7, 0)",20.010956019952214
BOMB_EVADE,"('WAIT', 7, 0)",18.84807817707508
BOMB_EVADE,"('WAIT', 7, 0)",17.749561274089043
BOMB_EVADE,"('WAIT', 7, 0)",16.711843173656078
BOMB_EVADE,"('WAIT', 7, 0)",15.731558889418826
BOMB_EVADE,"('WAIT', 7, 0)",14.805529674431048
BOMB_EVADE,"('WAIT', 7, 0)",13.930752713502704
BOMB_EVADE,"('WAIT', 7, 0)",34.6099950493349
BOMB_EVADE,"('WAIT', 7, 0)",30.55578231657129
BOMB_EVADE,"('MOVE', 6, 0)",26.96314338800874
BLOCKED_PATH,"('BOMB', 6, 0)",11.401737942338997
BOMB_EVADE,"('MOVE', 7, 1)",10.075035545403788
BOMB_EVADE,"('WAIT', 7, 1)",11.951197267038065
BOMB_EVADE,"('MOVE', 7, 0)",-15.781721039629412
BOMB_EVADE,"('MOVE', 7, 1)",22.999410758469473
BOMB_EVADE,"('WAIT', 7, 1)",24.252624755152667
BOMB_EVADE,"('WAIT', 7, 1)",23.035462232328133
BOMB_EVADE,"('MOVE', 7, 0)",9.112457697084674
BOMB_EVADE,"('MOVE', 7, 1)",25.692004385768826
BOMB_EVADE,"('WAIT', 7, 1)",26.815436861357806
BOMB_EVADE,"('WAIT', 7, 1)",25.47474821485469
BOMB_EVADE,"('WAIT', 7, 1)",24.198680018349233
BOMB_EVADE,"('WAIT', 7, 1)",27.638076496736144
BOMB_EVADE,"('WAIT', 7, 1)",24.544212276867146
BOMB_EVADE,"('WAIT', 7, 1)",21.784588235875958
BLOCKED_PATH,"('MOVE', 7, 0)",9.330968266785082
BLOCKED_PATH,"('MOVE', 6, 1)",7.324092639298734
BLOCKED_PATH,"('MOVE', 5, 2)",8.229711509395644
BLOCKED_PATH,"('MOVE', 5, 1)",8.484824115744932
BLOCKED_PATH,"('MOVE', 5, 0)",8.193801710447659
BLOCKED_PATH,"('WAIT', 5, 0)",7.408227865088256
BLOCKED_PATH,"('WAIT', 5, 0)",6.942863896267029
BLOCKED_PATH,"('WAIT', 5, 0)",6.503256082839286
BLOCKED_PATH,"('WAIT', 5, 0)",6.087978917922032
BLOCKED_PATH,"('MOVE', 4, 0)",4.749635798030117
BLOCKED_PATH,"('MOVE', 5, 0)",5.854222225154698
BLOCKED_PATH,"('WAIT', 5, 0)",5.47486665712536
BLOCKED_PATH,"('WAIT', 5, 0)",5.11650700114374
BLOCKED_PATH,"('WAIT', 5, 0)",4.777981211994566
BLOCKED_PATH,"('MOVE', 6, 1)",3.4319174626287117
BLOCKED_PATH,"('MOVE', 7, 0)",4.986170618830826
BLOCKED_PATH,"('WAIT', 7, 0)",4.37812715909609
BLOCKED_PATH,"('WAIT', 7, 0)",4.080467932949997
BLOCKED_PATH,"('WAIT', 7, 0)",3.7992830318410196
BLOCKED_PATH,"('MOVE', 7, 1)",3.5449969781199875
BLOCKED_PATH,"('MOVE', 7, 2)",3.5817005248675002
BLOCKED_PATH,"('WAIT', 7, 2)",3.5995680536944894
BLOCKED_PATH,"('WAIT', 7, 2)",3.40309896951729
BLOCKED_PATH,"('WAIT', 7, 2)",3.215021999683615
BLOCKED_PATH,"('WAIT', 7, 2)",3.0349786777026697
BLOCKED_PATH,"('WAIT', 7, 2)",2.8626258488656195
BLOCKED_PATH,"('WAIT', 7, 2)",2.697635016207703
BLOCKED_PATH,"('WAIT', 7, 2)",2.539691714407363
BLOCKED_PATH,"('WAIT', 7, 2)",2.3884949104290762
BLOCKED_PATH,"('WAIT', 7, 2)",2.2437564297675348
BLOCKED_PATH,"('BOMB', 7, 2)",-0.09231902329644881
BOMB_EVADE,"('MOVE', 6, 1)",19.66050715055802
BOMB_EVADE,"('MOVE', 5, 0)",21.901153659123704
BOMB_EVADE,"('MOVE', 6, 0)",20.65269187515818
BOMB_EVADE,"('MOVE', 5, 0)",19.47229027930468
BOMB_EVADE,"('MOVE', 6, 0)",18.35623855438303
BOMB_EVADE,"('MOVE', 5, 0)",17.301028652027743
BOMB_EVADE,"('WAIT', 5, 0)",16.303343765955983
BOMB_EVADE,"('MOVE', 6, 0)",15.360047906360379
BOMB_EVADE,"('MOVE', 5, 0)",14.468176042656298
BOMB_EVADE,"('MOVE', 6, 0)",13.624924783599578
BOMB_EVADE,"('WAIT', 6, 0)",12.8276435654798
BOMB_EVADE,"('MOVE', 5, 0)",1.5986996611455986
BOMB_EVADE,"('MOVE', 4, 1)",0.44747119800064716
BOMB_EVADE,"('MOVE', 3, 0)",1.9957943039574815
BLOCKED_PATH,"('BOMB', 3, 0)",29.4716464215294
BOMB_EVADE,"('MOVE', 4, 1)",27.31497427345206
BOMB_EVADE,"('MOVE', 5, 1)",28.4346820206669
BOMB_EVADE,"('MOVE', 6, 1)",27.067979691204368
BOMB_EVADE,"('MOVE', 7, 1)",25.72681401146953
BOMB_EVADE,"('WAIT', 7, 1)",24.371964436926888
BOMB_EVADE,"('MOVE', 6, 1)",23.090783787015596
BOMB_EVADE,"('MOVE', 6, 2)",20.608592459152014
BOMB_EVADE,"('MOVE', 5, 1)",21.462373455331896
BOMB_EVADE,"('MOVE', 4, 1)",20.407372612296143
BOMB_EVADE,"('WAIT', 4, 1)",19.3755491124237
BOMB_EVADE,"('WAIT', 4, 1)",18.393458933597735
BOMB_EVADE,"('MOVE', 5, 1)",24.126830603764066
BOMB_EVADE,"('WAIT', 5, 1)",21.412297657651052
BOMB_EVADE,"('MOVE', 6, 1)",18.991024503500384
BLOCKED_PATH,"('BOMB', 6, 1)",11.536040368403974
BOMB_EVADE,"('MOVE', 7, 0)",18.570302745122554
BOMB_EVADE,"('WAIT', 7, 0)",20.214012153627014
BOMB_EVADE,"('WAIT', 7, 0)",19.068102909871538
BOMB_EVADE,"('WAIT', 7, 0)",17.984091810861855
BOMB_EVADE,"('WAIT', 7, 0)",16.958635328003666
BOMB_EVADE,"('WAIT', 7, 0)",15.988570538817871
BOMB_EVADE,"('WAIT', 7, 0)",15.070905371208596
BOMB_EVADE,"('WAIT', 7, 0)",14.202809374702868
BOMB_EVADE,"('MOVE', 6, 1)",3.497080265223227
BOMB_EVADE,"('MOVE', 5, 2)",14.306206587703118
BOMB_EVADE,"('WAIT', 5, 2)",15.788140921269926
BOMB_EVADE,"('MOVE', 4, 2)",3.5678395310178725
BOMB_EVADE,"('WAIT', 4, 2)",3.0994145464242955
BOMB_EVADE,"('MOVE', 5, 2)",2.6790258303339165
BLOCKED_PATH,"('BOMB', 5, 2)",25.680570795380603
BOMB_EVADE,"('MOVE', 6, 1)",22.142725551831397
BOMB_EVADE,"('MOVE', 7, 0)",25.62501144457924
BOMB_EVADE,"('MOVE', 6, 0)",24.173542676630987
BOMB_EVADE,"('WAIT', 6, 0)",22.801201070326005
BOMB_EVADE,"('MOVE', 5, 1)",13.888535365059727
BOMB_EVADE,"('MOVE', 6, 0)",22.714225777082763
BOMB_EVADE,"('MOVE', 7, 0)",24.14720094801631
BOMB_EVADE,"('WAIT', 7, 0)",22.7762953672491
BOMB_EVADE,"('MOVE', 6, 0)",21.480125027006828
BOMB_EVADE,"('MOVE', 7, 0)",20.25461571805532
BOMB_EVADE,"('MOVE', 6, 0)",19.095915337636125
BOMB_EVADE,"('MOVE', 7, 0)",29.85578442910888
BOMB_EVADE,"('MOVE', 6, 0)",26.342840550891776
BOMB_EVADE,"('MOVE', 7, 0)",23.229846792881656
BLOCKED_PATH,"('BOMB', 7, 0)",11.35681556117154
BOMB_EVADE,"('MOVE', 6, 1)",15.240439160089508
BOMB_EVADE,"('WAIT', 6, 1)",16.86763128921539
BOMB_EVADE,"('WAIT', 6, 1)",16.006421360039912
BOMB_EVADE,"('WAIT', 6, 1)",15.186721272326077
BOMB_EVADE,"('WAIT', 6, 1)",14.406530274712576
BOMB_EVADE,"('WAIT', 6, 1)",13.663944050945267
BOMB_EVADE,"('WAIT', 6, 1)",12.95715007175843
BOMB_EVADE,"('WAIT', 6, 1)",12.284423170792788
BOMB_EVADE,"('WAIT', 6, 1)",11.644121333751809
BOMB_EVADE,"('WAIT', 6, 1)",11.034681690518344
BOMB_EVADE,"('MOVE', 5, 1)",10.001608890557272
BOMB_EVADE,"('MOVE', 4, 1)",-2.0643925497202966
BOMB_EVADE,"('WAIT', 4, 1)",-1.949402772880707
BOMB_EVADE,"('MOVE', 5, 1)",-1.8468357143146488
BLOCKED_PATH,"('BOMB', 5, 1)",13.77236160481294
BOMB_EVADE,"('MOVE', 6, 0)",14.73277712989728
BOMB_EVADE,"('WAIT', 6, 0)",16.58377670321308
BOMB_EVADE,"('WAIT', 6, 0)",15.633960510103227
BOMB_EVADE,"('WAIT', 6, 0)",14.735450177840033
BOMB_EVADE,"('WAIT', 6, 0)",13.885474337208786
BOMB_EVADE,"('WAIT', 6, 0)",13.081411318993906
BOMB_EVADE,"('WAIT', 6, 0)",12.32078106769091
BOMB_EVADE,"('WAIT', 6, 0)",11.601237492012316
BOMB_EVADE,"('WAIT', 6, 0)",10.92056122859337
BOMB_EVADE,"('MOVE', 7, 1)",4.77736416555242
BOMB_EVADE,"('MOVE', 6, 0)",10.978802368136819
BLOCKED_PATH,"('BOMB', 0, 0)",18.606232153235638
BOMB_EVADE,"('MOVE', 1, 1)",-46.259983060675
BOMB_EVADE,"('MOVE', 1, 2)",-38.41430031502693
BOMB_EVADE,"('WAIT', 1, 2)",-36.79750506595651
BOMB_EVADE,"('WAIT', 1, 2)",-35.25057686920049
BOMB_EVADE,"('WAIT', 1, 2)",-33.7704965391187
BOMB_EVADE,"('WAIT', 1, 2)",-32.354375359034904
BOMB_EVADE,"('MOVE', 0, 1)",-36.83784806858988
BOMB_EVADE,"('MOVE', 1, 0)",-32.27532559675193
BOMB_EVADE,"('MOVE', 0, 1)",-28.06679445170729
BOMB_EVADE,"('MOVE', 0, 2)",-25.338451532475133
BOMB_EVADE,"('WAIT', 0, 2)",-25.922798612530475
BLOCKED_PATH,"('MOVE', 1, 0)",-24.84245744455198
BLOCKED_PATH,"('MOVE', 2, 1)",-20.982929489196952
BLOCKED_PATH,"('MOVE', 2, 2)",-17.52024066955098
BLOCKED_PATH,"('BOMB', 2, 2)",-78.95663470483876
BOMB_EVADE,"('MOVE', 1, 1)",-62.291542937401104
BOMB_EVADE,"('WAIT', 1, 1)",-56.92735222518288
BOMB_EVADE,"('WAIT', 1, 1)",-54.23168483261174
BOMB_EVADE,"('WAIT', 1, 1)",-51.66594711491799
BOMB_EVADE,"('WAIT', 1, 1)",-49.22387653375574
BOMB_EVADE,"('WAIT', 1, 1)",-46.89951240165782
BOMB_EVADE,"('MOVE', 2, 0)",-90.96737651804212
BOMB_EVADE,"('MOVE', 3, 0)",-21.637301738813452
BOMB_EVADE,"('MOVE', 3, 1)",-16.060806563463476
BOMB_EVADE,"('WAIT', 3, 1)",-15.334884031041689
BOMB_EVADE,"('WAIT', 3, 1)",-14.643950562509485
BOMB_EVADE,"('WAIT', 3, 1)",-9.558577342190345
BOMB_EVADE,"('MOVE', 4, 1)",-8.633966493588064
BOMB_EVADE,"('MOVE', 5, 1)",-7.809244351621486
BLOCKED_PATH,"('MOVE', 5, 2)",-6.864520853046581
BLOCKED_PATH,"('MOVE', 6, 2)",-6.400446305805644
BLOCKED_PATH,"('MOVE', 7, 2)",-6.1697679622169375
BLOCKED_PATH,"('MOVE', 6, 2)",-5.948942970589831
BLOCKED_PATH,"('MOVE', 5, 2)",-5.737550448134167
BLOCKED_PATH,"('MOVE', 4, 2)",-5.535187489934086
BLOCKED_PATH,"('WAIT', 4, 2)",-5.341468401028869
BLOCKED_PATH,"('MOVE', 5, 2)",-5.15602396129517
BLOCKED_PATH,"('MOVE', 4, 2)",-4.978500721729598
BLOCKED_PATH,"('WAIT', 4, 2)",-4.808560330790344
BLOCKED_PATH,"('MOVE', 3, 2)",-4.645878889513926
BLOCKED_PATH,"('MOVE', 2, 3)",-4.139383903513365
BLOCKED_PATH,"('MOVE', 1, 4)",-3.526471447255445
BLOCKED_PATH,"('MOVE', 0, 4)",-3.2800368419741175
BLOCKED_PATH,"('BOMB', 0, 4)",-38.207911990697184
BOMB_EVADE,"('MOVE', 1, 5)",-4.6813776110978
BOMB_EVADE,"('MOVE', 0, 6)",-17.59378196904863
BOMB_EVADE,"('MOVE', 1, 5)",0.06395342613159048
BOMB_EVADE,"('MOVE', 2, 5)",1.5141573850886711
BOMB_EVADE,"('MOVE', 3, 5)",1.511055682881236
BOMB_EVADE,"('MOVE', 4, 5)",1.5051871661033704
BOMB_EVADE,"('MOVE', 5, 4)",1.6203681600092164
BOMB_EVADE,"('MOVE', 6, 4)",1.5929541159009593
BOMB_EVADE,"('MOVE', 7, 4)",1.5599363173447391
BOMB_EVADE,"('WAIT', 7, 4)",1.4556951432035543
BOMB_EVADE,"('WAIT', 7, 4)",1.3556986927739358
BOMB_EVADE,"('MOVE', 6, 5)",9.775345990696326
BOMB_EVADE,"('MOVE', 7, 4)",9.581433902401233
BOMB_EVADE,"('WAIT', 7, 4)",8.601845201519657
BLOCKED_PATH,"('BOMB', 7, 4)",13.563617700125612
BOMB_EVADE,"('MOVE', 6, 4)",-0.7174142007712776
BOMB_EVADE,"('MOVE', 5, 5)",7.793966387313457
BOMB_EVADE,"('MOVE', 4, 5)",9.348363921071838
BOMB_EVADE,"('MOVE', 3, 5)",9.413946624220449
BOMB_EVADE,"('MOVE', 4, 5)",9.058837540164914
BOMB_EVADE,"('MOVE', 3, 5)",9.126513698122215
BOMB_EVADE,"('MOVE', 4, 6)",8.169029484304563
BOMB_EVADE,"('MOVE', 3, 5)",9.033555495268056
BOMB_EVADE,"('MOVE', 2, 4)",9.859184980241409
BOMB_EVADE,"('MOVE', 2, 3)",10.249522308151345
BOMB_EVADE,"('MOVE', 1, 2)",10.965967481621144
BOMB_EVADE,"('MOVE', 1, 1)",26.42092417054328
BOMB_EVADE,"('MOVE', 0, 0)",25.47602141746325
BOMB_EVADE,"('MOVE', 1, 0)",22.461715377968126
BLOCKED_PATH,"('WAIT', 1, 0)",6.2072977417186195
BLOCKED_PATH,"('WAIT', 1, 0)",5.8084007642129745
BLOCKED_PATH,"('MOVE', 1, 1)",5.4349722174774024
BLOCKED_PATH,"('MOVE', 1, 2)",5.374404148976885
BLOCKED_PATH,"('MOVE', 2, 2)",3.8482174212839446
BLOCKED_PATH,"('MOVE', 3, 1)",5.695776767497441
BLOCKED_PATH,"('MOVE', 3, 2)",5.152841583806826
BLOCKED_PATH,"('MOVE', 4, 2)",5.103598322803223
BLOCKED_PATH,"('MOVE', 3, 1)",4.803410834803108
BLOCKED_PATH,"('MOVE', 4, 2)",4.367074906762174
BLOCKED_PATH,"('MOVE', 5, 2)",4.351395419055049
BLOCKED_PATH,"('WAIT', 5, 2)",4.122812268468264
BLOCKED_PATH,"('MOVE', 4, 2)",3.9039929743414485
BLOCKED_PATH,"('MOVE', 5, 2)",3.694520476656282
BLOCKED_PATH,"('MOVE', 4, 2)",3.493995529980271
BLOCKED_PATH,"('MOVE', 4, 1)",3.1591175292563265
BLOCKED_PATH,"('MOVE', 3, 2)",2.943504962594057
BLOCKED_PATH,"('WAIT', 3, 2)",2.988632811560261
BLOCKED_PATH,"('WAIT', 3, 2)",2.818259631631565
BLOCKED_PATH,"('MOVE', 4, 2)",2.6551638878095187
BLOCKED_PATH,"('WAIT', 4, 2)",2.4990347267291235
BLOCKED_PATH,"('MOVE', 5, 2)",2.3495745730278403
BLOCKED_PATH,"('MOVE', 6, 2)",2.2064985621799478
BLOCKED_PATH,"('MOVE', 5, 2)",2.069533997557192
BLOCKED_PATH,"('WAIT', 5, 2)",1.9384198306809264
BLOCKED_PATH,"('WAIT', 5, 2)",1.8129061636751096
BLOCKED_PATH,"('MOVE', 6, 2)",1.6927537729718678
BLOCKED_PATH,"('MOVE', 5, 2)",1.5777336533618227
BLOCKED_PATH,"('MOVE', 6, 2)",1.4676265815201628
BLOCKED_PATH,"('WAIT', 6, 2)",1.3622226981765593
BLOCKED_PATH,"('MOVE', 5, 2)",1.2613211081325633
BLOCKED_PATH,"('MOVE', 4, 2)",1.1647294973641307
BLOCKED_PATH,"('WAIT', 4, 2)",1.0722637664794914
BLOCKED_PATH,"('MOVE', 5, 2)",0.9837476798337469
BLOCKED_PATH,"('WAIT', 5, 2)",0.89901252963143
BLOCKED_PATH,"('MOVE', 4, 2)",0.8178968143768133
BLOCKED_PATH,"('MOVE', 5, 2)",0.7402459310591112
BLOCKED_PATH,"('MOVE', 4, 2)",0.6659118804858939
BLOCKED_PATH,"('WAIT', 4, 2)",0.5947529852030891
BLOCKED_PATH,"('MOVE', 3, 2)",0.5266336194639434
BLOCKED_PATH,"('MOVE', 4, 2)",0.4614239507322704
BLOCKED_PATH,"('MOVE', 5, 2)",0.3989996922273075
BLOCKED_PATH,"('MOVE', 4, 2)",0.33924186603853995
BLOCKED_PATH,"('MOVE', 3, 2)",0.2820365763589989
BLOCKED_PATH,"('WAIT', 3, 2)",0.22727479240482795
BLOCKED_PATH,"('MOVE', 4, 2)",0.17485214060736964
BLOCKED_PATH,"('MOVE', 5, 2)",0.12466870568170302
BLOCKED_PATH,"('MOVE', 6, 2)",0.07662884019247351
BLOCKED_PATH,"('WAIT', 6, 2)",0.030640982254058202
BLOCKED_PATH,"('MOVE', 5, 2)",-0.013382518982389346
BLOCKED_PATH,"('MOVE', 4, 2)",-0.05552557038762912
BLOCKED_PATH,"('WAIT', 4, 2)",-0.09586849477716586
BLOCKED_PATH,"('MOVE', 5, 2)",-0.13448818400302764
BLOCKED_PATH,"('WAIT', 5, 2)",-0.1714582455062778
BLOCKED_PATH,"('MOVE', 4, 2)",-0.2068491426095831
BLOCKED_PATH,"('MOVE', 3, 2)",-0.24072832881722914
BLOCKED_PATH,"('WAIT', 3, 2)",-0.27316037637855417
BLOCKED_PATH,"('MOVE', 4, 2)",-0.30420709935983586
BLOCKED_PATH,"('MOVE', 3, 2)",-0.33392767145920244
BLOCKED_PATH,"('MOVE', 2, 1)",-2.301085569919966
BLOCKED_PATH,"('MOVE', 3, 2)",0.27291427172508836
BLOCKED_PATH,"('WAIT', 3, 2)",0.4321155513095736
BLOCKED_PATH,"('WAIT', 3, 2)",0.3709431917494805
BLOCKED_PATH,"('WAIT', 3, 2)",0.31238379004095707
BLOCKED_PATH,"('MOVE', 4, 2)",0.25632573452175605
BLOCKED_PATH,"('MOVE', 5, 2)",0.20266218098622846
BLOCKED_PATH,"('WAIT', 5, 2)",0.15129084904493312
BLOCKED_PATH,"('MOVE', 4, 2)",0.10211382718268136
BLOCKED_PATH,"('MOVE', 5, 2)",0.05503738614346548
BLOCKED_PATH,"('MOVE', 4, 2)",0.009971800286589505
BLOCKED_PATH,"('MOVE', 3, 2)",-0.033168823426483085
BLOCKED_PATH,"('MOVE', 4, 2)",-0.07446670914050979
BLOCKED_PATH,"('MOVE', 3, 2)",-0.11400056882209797
BLOCKED_PATH,"('WAIT', 3, 2)",-0.15184575228127595
BLOCKED_PATH,"('WAIT', 3, 2)",-0.18807439078493998
BLOCKED_PATH,"('WAIT', 3, 2)",-0.22275553453589908
BLOCKED_PATH,"('WAIT', 3, 2)",-0.2559552842795457
BLOCKED_PATH,"('WAIT', 3, 2)",-0.2877369172889901
BLOCKED_PATH,"('WAIT', 3, 2)",-0.3181610079687789
BLOCKED_PATH,"('WAIT', 3, 2)",-0.34728554330706546
BLOCKED_PATH,"('WAIT', 3, 2)",-0.3751660333962761
BLOCKED_PATH,"('MOVE', 2, 3)",-0.40030067965425276
BLOCKED_PATH,"('MOVE', 1, 2)",-0.2250392532321232
BLOCKED_PATH,"('MOVE', 0, 3)",-0.46580785583167916
BLOCKED_PATH,"('MOVE', 1, 2)",-0.2907056669582442
BLOCKED_PATH,"('MOVE', 2, 3)",-0.5247528711082493
BLOCKED_PATH,"('MOVE', 1, 2)",-0.34979420940094624
BLOCKED_PATH,"('MOVE', 2, 3)",-0.5777929507401323
BLOCKED_PATH,"('MOVE', 1, 4)",-0.3996922376125826
BLOCKED_PATH,"('MOVE', 2, 3)",-0.24703404229737025
BLOCKED_PATH,"('MOVE', 2, 4)",-1.2086815205148482
BLOCKED_PATH,"('MOVE', 1, 4)",-0.057949021003422196
BLOCKED_PATH,"('MOVE', 0, 3)",-0.061565474017911515
BLOCKED_PATH,"('MOVE', 1, 2)",-0.27135287852470746
BLOCKED_PATH,"('MOVE', 2, 3)",-0.507113002701115
BLOCKED_PATH,"('MOVE', 1, 2)",-0.33229414094309184
BLOCKED_PATH,"('MOVE', 2, 3)",-0.5618162629979815
BLOCKED_PATH,"('MOVE', 2, 4)",-1.1302112686109276
BLOCKED_PATH,"('MOVE', 2, 3)",0.032745279731970944
BLOCKED_PATH,"('MOVE', 3, 2)",-0.17268212040686245
BLOCKED_PATH,"('MOVE', 2, 3)",-0.418275006132601
BLOCKED_PATH,"('MOVE', 3, 2)",-0.24342182147323566
BLOCKED_PATH,"('MOVE', 2, 3)",-0.48177429530709537
BLOCKED_PATH,"('MOVE', 3, 2)",-0.3070755419449474
BLOCKED_PATH,"('MOVE', 2, 3)",-0.5389125206078542
BLOCKED_PATH,"('MOVE', 3, 2)",-0.36435296960425645
BLOCKED_PATH,"('MOVE', 2, 3)",-0.5903267666624062
BLOCKED_PATH,"('MOVE', 1, 4)",-0.40994058850228116
BLOCKED_PATH,"('MOVE', 0, 5)",-2.1105476911459293
BLOCKED_PATH,"('MOVE', 1, 4)",0.4442333189962019
BLOCKED_PATH,"('MOVE', 2, 3)",0.29239524645614645
BLOCKED_PATH,"('MOVE', 3, 2)",0.0982420510431875
BLOCKED_PATH,"('MOVE', 4, 2)",-0.16224241551383717
BLOCKED_PATH,"('MOVE', 3, 2)",-0.19802696385947885
BLOCKED_PATH,"('WAIT', 3, 2)",-0.23228298662204627
BLOCKED_PATH,"('MOVE', 3, 1)",-0.6081487155897582
BLOCKED_PATH,"('MOVE', 3, 2)",-0.37000918902239166
BLOCKED_PATH,"('MOVE', 4, 2)",-0.1828417802617645
BLOCKED_PATH,"('MOVE', 3, 2)",-0.21774643330432297
BLOCKED_PATH,"('MOVE', 4, 2)",-0.2511601452113793
BLOCKED_PATH,"('WAIT', 4, 2)",-0.28314660105858297
BLOCKED_PATH,"('MOVE', 3, 2)",-0.31376676563386446
BLOCKED_PATH,"('WAIT', 3, 2)",-0.343078999633659
BLOCKED_PATH,"('MOVE', 2, 3)",-0.36975816562672975
BLOCKED_PATH,"('MOVE', 3, 2)",-0.19560890191887745
BLOCKED_PATH,"('MOVE', 2, 3)",-0.4376502339627734
BLOCKED_PATH,"('MOVE', 1, 2)",-0.2636659200596698
BLOCKED_PATH,"('MOVE', 2, 3)",-0.49874128393151723
BLOCKED_PATH,"('MOVE', 1, 2)",-0.32490563760491276
BLOCKED_PATH,"('MOVE', 2, 3)",-0.553712463268728
BLOCKED_PATH,"('MOVE', 1, 4)",-0.37612072051369694
BLOCKED_PATH,"('MOVE', 0, 3)",-0.2245984960961619
BLOCKED_PATH,"('MOVE', 1, 4)",-0.4327751337836201
BLOCKED_PATH,"('MOVE', 2, 3)",-0.2832970934664441
BLOCKED_PATH,"('MOVE', 2, 2)",-1.9036478423041865
BLOCKED_PATH,"('MOVE', 3, 2)",-0.13472951245406956
BLOCKED_PATH,"('MOVE', 4, 2)",-0.17168926568941095
BLOCKED_PATH,"('MOVE', 3, 2)",-0.20707029483918737
BLOCKED_PATH,"('WAIT', 3, 2)",-0.24094003459979604
BLOCKED_PATH,"('WAIT', 3, 2)",-0.27336303921605964
BLOCKED_PATH,"('WAIT', 3, 2)",-0.30440110551879745
BLOCKED_PATH,"('MOVE', 4, 2)",-0.3341133907068865
BLOCKED_PATH,"('WAIT', 4, 2)",-0.3625565250982988
BLOCKED_PATH,"('MOVE', 5, 2)",-0.38978472006501413
BLOCKED_PATH,"('MOVE', 4, 2)",-0.4158498713575279
BLOCKED_PATH,"('MOVE', 4, 1)",-0.7902782875882858
BLOCKED_PATH,"('MOVE', 5, 2)",-0.53481623652147
BLOCKED_PATH,"('MOVE', 6, 2)",-0.3411130055875059
BLOCKED_PATH,"('MOVE', 7, 3)",-0.3676429773914028
BLOCKED_PATH,"('MOVE', 6, 2)",-0.1937275515744438
BLOCKED_PATH,"('MOVE', 7, 3)",-0.4356110293556631
BLOCKED_PATH,"('MOVE', 6, 2)",-0.26186073578205804
BLOCKED_PATH,"('MOVE', 7, 3)",-0.4967704526047954
BLOCKED_PATH,"('MOVE', 6, 2)",-0.32316899082645684
BLOCKED_PATH,"('MOVE', 7, 3)",-0.5518031570797146
BLOCKED_PATH,"('MOVE', 6, 4)",-0.37395362417956246
BLOCKED_PATH,"('MOVE', 7, 3)",-0.22275345946819664
BLOCKED_PATH,"('MOVE', 6, 4)",-0.43082295160583683
BLOCKED_PATH,"('MOVE', 7, 3)",-0.2816747106666418
BLOCKED_PATH,"('MOVE', 6, 4)",-0.48499925473693006
BLOCKED_PATH,"('MOVE', 7, 3)",-0.33780597748903485
BLOCKED_PATH,"('MOVE', 6, 4)",-0.5366101190043939
BLOCKED_PATH,"('WAIT', 6, 4)",-0.38807069627134144
BLOCKED_PATH,"('WAIT', 6, 4)",-0.4081067194571385
BLOCKED_PATH,"('MOVE', 5, 4)",-0.4274867155125862
BLOCKED_PATH,"('MOVE', 4, 5)",-0.782333653635037
BLOCKED_PATH,"('MOVE', 5, 4)",-0.2034315585218421
BLOCKED_PATH,"('WAIT', 5, 4)",-0.3932250182954482
BLOCKED_PATH,"('MOVE', 6, 4)",-0.4130922766991817
BLOCKED_PATH,"('MOVE', 5, 5)",-0.7678221869130826
BLOCKED_PATH,"('MOVE', 5, 4)",-0.19060350556455297
BLOCKED_PATH,"('WAIT', 5, 4)",-0.3808169863518853
BLOCKED_PATH,"('MOVE', 4, 4)",-0.40109051328075157
BLOCKED_PATH,"('MOVE', 5, 4)",-0.42070023664092193
BLOCKED_PATH,"('MOVE', 6, 4)",-0.4396678909425959
BLOCKED_PATH,"('MOVE', 5, 4)",-0.4580144990563314
BLOCKED_PATH,"('WAIT', 5, 4)",-0.47576039551382215
BLOCKED_PATH,"('MOVE', 4, 4)",-0.49292524904575186
BLOCKED_PATH,"('MOVE', 4, 5)",-0.8384452401823692
BLOCKED_PATH,"('MOVE', 3, 4)",-0.2644023845650601
BLOCKED_PATH,"('MOVE', 4, 4)",-0.4506442047560168
BLOCKED_PATH,"('MOVE', 3, 4)",-0.4686314222069417
BLOCKED_PATH,"('MOVE', 4, 4)",-0.48602969530808837
BLOCKED_PATH,"('WAIT', 4, 4)",-0.5028583075004939
BLOCKED_PATH,"('WAIT', 4, 4)",-0.5191359108393974
BLOCKED_PATH,"('MOVE', 3, 4)",-0.5348805466673152
BLOCKED_PATH,"('WAIT', 3, 4)",-0.5501096656102302
BLOCKED_PATH,"('WAIT', 3, 4)",-0.5648401469190587
BLOCKED_PATH,"('WAIT', 3, 4)",-0.5790883171778308
BLOCKED_PATH,"('MOVE', 4, 4)",-0.5928699683993213
BLOCKED_PATH,"('MOVE', 3, 4)",-0.6062003755281855
BLOCKED_PATH,"('WAIT', 3, 4)",-0.6190943133710023
BLOCKED_PATH,"('WAIT', 3, 4)",-0.631566072971985
BLOCKED_PATH,"('MOVE', 4, 4)",-0.6436294774525144
BLOCKED_PATH,"('MOVE', 5, 4)",-0.655297897332047
BLOCKED_PATH,"('MOVE', 6, 4)",-0.66658426534738
BLOCKED_PATH,"('WAIT', 6, 4)",-0.6775010907866985
BLOCKED_PATH,"('MOVE', 5, 4)",-0.6880604733542919
BLOCKED_PATH,"('WAIT', 5, 4)",-0.6982741165813064
BLOCKED_PATH,"('MOVE', 6, 4)",-0.7081533407973977
BLOCKED_PATH,"('MOVE', 5, 4)",-0.7177090956776602
BLOCKED_PATH,"('MOVE', 6, 5)",-1.0399998051119894
BLOCKED_PATH,"('MOVE', 6, 6)",-0.4523824470173207
BLOCKED_PATH,"('MOVE', 7, 7)",-0.34251960716477914
BLOCKED_PATH,"('MOVE', 6, 8)",-0.26183211385614896
BLOCKED_PATH,"('MOVE', 7, 7)",-0.17451315532826558
BLOCKED_PATH,"('MOVE', 6, 6)",-0.2857219469755668
BLOCKED_PATH,"('MOVE', 7, 7)",-0.41627861347908546
BLOCKED_PATH,"('MOVE', 6, 6)",-0.32438782636248176
BLOCKED_PATH,"('MOVE', 7, 7)",-0.4508847026392467
BLOCKED_PATH,"('MOVE', 6, 8)",-0.3567801127196169
BLOCKED_PATH,"('MOVE', 7, 7)",-0.27838019116581547
BLOCKED_PATH,"('MOVE', 6, 8)",-0.38832687053590786
BLOCKED_PATH,"('MOVE', 7, 7)",-0.31247772949449665
BLOCKED_PATH,"('MOVE', 6, 8)",-0.4192264621934588
BLOCKED_PATH,"('MOVE', 5, 8)",-0.34504221742644403
BLOCKED_PATH,"('WAIT', 5, 8)",-0.35603679959374523
BLOCKED_PATH,"('WAIT', 5, 8)",-0.366846818968986
BLOCKED_PATH,"('MOVE', 4, 8)",-0.3774753737530523
BLOCKED_PATH,"('MOVE', 5, 8)",-0.3879255101382504
BLOCKED_PATH,"('WAIT', 5, 8)",-0.39820022318135895
BLOCKED_PATH,"('MOVE', 6, 9)",-0.7385365136794758
BLOCKED_PATH,"('MOVE', 5, 10)",-0.29770250358548284
BLOCKED_PATH,"('WAIT', 5, 10)",-0.2512730305550579
BLOCKED_PATH,"('MOVE', 4, 10)",-0.259361770668175
BLOCKED_PATH,"('WAIT', 4, 10)",-0.2673631255002917
BLOCKED_PATH,"('WAIT', 4, 10)",-0.2752780391029201
BLOCKED_PATH,"('MOVE', 4, 9)",-0.6111843250575469
BLOCKED_PATH,"('MOVE', 3, 8)",-0.3057412907367999
BLOCKED_PATH,"('WAIT', 3, 8)",-0.4013291239172293
BLOCKED_PATH,"('WAIT', 3, 8)",-0.4113788344686464
BLOCKED_PATH,"('MOVE', 2, 9)",-0.7491916638286282
BLOCKED_PATH,"('MOVE', 2, 8)",-0.3011761942051985
BLOCKED_PATH,"('MOVE', 1, 8)",-0.39684066030801424
BLOCKED_PATH,"('WAIT', 1, 8)",-0.4069657173676636
BLOCKED_PATH,"('WAIT', 1, 8)",-0.41692080809550836
BLOCKED_PATH,"('WAIT', 1, 8)",-0.4267087856659827
BLOCKED_PATH,"('MOVE', 2, 8)",-0.4363324553581271
BLOCKED_PATH,"('MOVE', 1, 8)",-0.44579457535959455
BLOCKED_PATH,"('BOMB', 1, 8)",-4.260644135650743
BOMB_EVADE,"('MOVE', 0, 7)",4.294660767890954
BOMB_EVADE,"('MOVE', 1, 6)",5.514370156023928
BOMB_EVADE,"('MOVE', 0, 6)",5.41592878672684
BOMB_EVADE,"('MOVE', 0, 5)",5.578414941839104
BOMB_EVADE,"('MOVE', 0, 4)",5.702484755372692
BOMB_EVADE,"('MOVE', 0, 3)",5.78135161056381
BOMB_EVADE,"('MOVE', 1, 2)",5.808310624524768
BOMB_EVADE,"('MOVE', 2, 1)",5.7770471151945975
BOMB_EVADE,"('MOVE', 1, 0)",5.681990250694648
BOMB_EVADE,"('MOVE', 0, 0)",5.2510851730321235
BOMB_EVADE,"('WAIT', 0, 0)",4.847968101485898
BOMB_EVADE,"('MOVE', 1, 0)",11.434746623258674
BOMB_EVADE,"('MOVE', 2, 0)",10.01904555340845
BOMB_EVADE,"('WAIT', 2, 0)",8.764522638602113
BLOCKED_PATH,"('BOMB', 2, 0)",3.412104456905461
BOMB_EVADE,"('MOVE', 3, 1)",8.060584308658683
BOMB_EVADE,"('MOVE', 2, 2)",3.658274201385673
BOMB_EVADE,"('MOVE', 3, 1)",11.068597431414755
BOMB_EVADE,"('WAIT', 3, 1)",12.896870020593104
BOMB_EVADE,"('WAIT', 3, 1)",12.227048584697481
BOMB_EVADE,"('WAIT', 3, 1)",11.589512170919821
BOMB_EVADE,"('MOVE', 2, 2)",5.922315434966557
BOMB_EVADE,"('MOVE', 1, 1)",11.375314974451786
BOMB_EVADE,"('WAIT', 1, 1)",13.188803947982365
BOMB_EVADE,"('WAIT', 1, 1)",12.504911458522827
BOMB_EVADE,"('WAIT', 1, 1)",11.853982208167434
BOMB_EVADE,"('WAIT', 1, 1)",2.354579380146437
BOMB_EVADE,"('WAIT', 1, 1)",1.9921732975267377
BOMB_EVADE,"('MOVE', 0, 1)",1.6689191185695549
BLOCKED_PATH,"('BOMB', 0, 1)",6.908923991291271
BOMB_EVADE,"('MOVE', 1, 0)",11.196035886336205
BOMB_EVADE,"('WAIT', 1, 0)",13.23807826920724
BOMB_EVADE,"('WAIT', 1, 0)",12.468985398709895
BOMB_EVADE,"('MOVE', 0, 0)",8.205186685051606
BOMB_EVADE,"('MOVE', 1, 1)",6.7211205448811455
BOMB_EVADE,"('MOVE', 1, 0)",11.540544620148319
BOMB_EVADE,"('MOVE', 0, 1)",9.271377752558458
BOMB_EVADE,"('MOVE', 1, 0)",13.480672368392016
BOMB_EVADE,"('WAIT', 1, 0)",15.399306409434551
BOMB_EVADE,"('WAIT', 1, 0)",14.513471298675622
BOMB_EVADE,"('MOVE', 1, 1)",9.05876828608252
BLOCKED_PATH,"('BOMB', 0, 0)",14.989924023426013
BOMB_EVADE,"('MOVE', 1, 1)",-39.6621563262189
BOMB_EVADE,"('MOVE', 1, 2)",-32.93278826541163
BOMB_EVADE,"('MOVE', 2, 2)",-31.55286722125534
BOMB_EVADE,"('MOVE', 3, 2)",-30.594553447156628
BOMB_EVADE,"('MOVE', 2, 2)",-28.801998743611595
BOMB_EVADE,"('MOVE', 1, 2)",-27.600582731422286
BOMB_EVADE,"('WAIT', 1, 2)",-26.45108386546609
BOMB_EVADE,"('MOVE', 2, 1)",-26.895830860644292
BOMB_EVADE,"('MOVE', 2, 2)",-23.525668597028158
BOMB_EVADE,"('MOVE', 1, 2)",-22.55226020336157
BOMB_EVADE,"('MOVE', 2, 2)",-21.62091599512766
BOMB_EVADE,"('MOVE', 3, 2)",-20.410410850048493
BOMB_EVADE,"('WAIT', 3, 2)",-18.419902790024132
BOMB_EVADE,"('WAIT', 3, 2)",-16.633518298925264
BLOCKED_PATH,"('MOVE', 2, 2)",-19.669576378331872
BLOCKED_PATH,"('MOVE', 3, 2)",-18.872111370703408
BLOCKED_PATH,"('WAIT', 3, 2)",-18.108709826835685
BLOCKED_PATH,"('WAIT', 3, 2)",-17.377916736725417
BLOCKED_PATH,"('WAIT', 3, 2)",-16.67833924065809
BLOCKED_PATH,"('MOVE', 2, 2)",-16.00864397447818
BLOCKED_PATH,"('WAIT', 2, 2)",-15.367554528255317
BLOCKED_PATH,"('MOVE', 1, 2)",-14.753849013502695
BLOCKED_PATH,"('MOVE', 0, 3)",-12.987643505617864
BLOCKED_PATH,"('MOVE', 1, 4)",-11.292941813797173
BLOCKED_PATH,"('MOVE', 1, 5)",-10.416735971191212
BLOCKED_PATH,"('MOVE', 1, 6)",-8.575831050008823
BLOCKED_PATH,"('MOVE', 2, 6)",-8.272757005313318
BLOCKED_PATH,"('WAIT', 2, 6)",-8.097485576099396
BLOCKED_PATH,"('WAIT', 2, 6)",-7.926438139777887
BLOCKED_PATH,"('WAIT', 2, 6)",-7.759512899290165
BLOCKED_PATH,"('MOVE', 1, 6)",-7.596610510858519
BLOCKED_PATH,"('WAIT', 1, 6)",-7.43763402486276
BLOCKED_PATH,"('MOVE', 2, 6)",-7.28248882814169
BLOCKED_PATH,"('WAIT', 2, 6)",-7.13108258768509
BLOCKED_PATH,"('MOVE', 3, 6)",-6.983325195682708
BLOCKED_PATH,"('MOVE', 4, 6)",-6.839128715897556
BLOCKED_PATH,"('WAIT', 4, 6)",-6.698407331331604
BLOCKED_PATH,"('WAIT', 4, 6)",-6.561077293152698
BLOCKED_PATH,"('MOVE', 5, 6)",-6.427056870852341
BLOCKED_PATH,"('WAIT', 5, 6)",-6.296266303604654
BLOCKED_PATH,"('MOVE', 6, 5)",-7.073103546818495
BLOCKED_PATH,"('MOVE', 5, 6)",-5.926680671441037
BLOCKED_PATH,"('MOVE', 6, 6)",-5.687450417032347
BLOCKED_PATH,"('MOVE', 5, 6)",-5.5744841604445865
BLOCKED_PATH,"('MOVE', 6, 6)",-5.464240359348
BLOCKED_PATH,"('WAIT', 6, 6)",-5.356653403319391
BLOCKED_PATH,"('WAIT', 6, 6)",-5.251659263128591
BLOCKED_PATH,"('MOVE', 5, 6)",-5.14919545263214
BLOCKED_PATH,"('WAIT', 5, 6)",-5.0492009915853275
BLOCKED_PATH,"('WAIT', 5, 6)",-4.951616369350447
BLOCKED_PATH,"('MOVE', 4, 6)",-4.856383509479674
BLOCKED_PATH,"('MOVE', 3, 6)",-4.7634457351514925
BLOCKED_PATH,"('MOVE', 2, 6)",-4.672747735440086
BLOCKED_PATH,"('WAIT', 2, 6)",-4.584235532397624
BLOCKED_PATH,"('MOVE', 3, 6)",-4.49785644892987
BLOCKED_PATH,"('WAIT', 3, 6)",-4.413559077445964
BLOCKED_PATH,"('MOVE', 4, 6)",-4.331293249263748
BLOCKED_PATH,"('WAIT', 4, 6)",-4.2510100047524055
BLOCKED_PATH,"('MOVE', 5, 6)",-4.1726615641946605
BLOCKED_PATH,"('MOVE', 6, 6)",-4.096201299351188
BLOCKED_PATH,"('MOVE', 5, 6)",-4.021583705710315
BLOCKED_PATH,"('MOVE', 4, 6)",-3.9487643754064927
BLOCKED_PATH,"('MOVE', 5, 6)",-3.8776999707914337
BLOCKED_PATH,"('WAIT', 5, 6)",-3.808348198642166
BLOCKED_PATH,"('MOVE', 4, 6)",-3.740667784990679
BLOCKED_PATH,"('MOVE', 3, 6)",-3.6746184505601556
BLOCKED_PATH,"('MOVE', 2, 6)",-3.610160886793193
BLOCKED_PATH,"('MOVE', 3, 6)",-3.547256732457734
BLOCKED_PATH,"('WAIT', 3, 6)",-3.4858685508167855
BLOCKED_PATH,"('MOVE', 2, 6)",-3.425959807348348
BLOCKED_PATH,"('MOVE', 1, 6)",-3.36749484800228
BLOCKED_PATH,"('MOVE', 0, 6)",-3.310438877981172
BLOCKED_PATH,"('MOVE', 1, 6)",-3.254757941032596
BLOCKED_PATH,"('MOVE', 1, 5)",-3.8375015644070944
BLOCKED_PATH,"('MOVE', 0, 6)",-3.1066366061029966
BLOCKED_PATH,"('WAIT', 0, 6)",-2.9353686324933124
BLOCKED_PATH,"('MOVE', 1, 6)",-2.8887267845634184
BLOCKED_PATH,"('WAIT', 1, 6)",-2.843208992248455
BLOCKED_PATH,"('MOVE', 2, 6)",-2.798788166119476
BLOCKED_PATH,"('WAIT', 2, 6)",-2.755437869595267
BLOCKED_PATH,"('MOVE', 3, 6)",-2.713132303208899
BLOCKED_PATH,"('MOVE', 3, 5)",-3.2610443713392723
BLOCKED_PATH,"('MOVE', 4, 6)",-2.6045191950599347
BLOCKED_PATH,"('WAIT', 4, 6)",-2.4453521119656925
BLOCKED_PATH,"('WAIT', 4, 6)",-2.410519526441866
BLOCKED_PATH,"('MOVE', 5, 6)",-2.376526396580247
BLOCKED_PATH,"('MOVE', 4, 6)",-2.343352491731914
BLOCKED_PATH,"('MOVE', 3, 6)",-2.310978068800979
BLOCKED_PATH,"('WAIT', 3, 6)",-2.279383860494695
BLOCKED_PATH,"('WAIT', 3, 6)",-2.248551063856735
BLOCKED_PATH,"('MOVE', 2, 6)",-2.218461329076808
BLOCKED_PATH,"('MOVE', 3, 6)",-2.1890967485699706
BLOCKED_PATH,"('MOVE', 4, 6)",-2.160439846319116
BLOCKED_PATH,"('MOVE', 3, 6)",-2.1324735674743063
BLOCKED_PATH,"('MOVE', 4, 6)",-2.105181268202765
BLOCKED_PATH,"('WAIT', 4, 6)",-2.0785467057834737
BLOCKED_PATH,"('MOVE', 5, 6)",-2.052554028940493
BLOCKED_PATH,"('MOVE', 6, 6)",-2.02718776840924
BLOCKED_PATH,"('MOVE', 7, 6)",-2.002432827730125
BLOCKED_PATH,"('WAIT', 7, 6)",-1.9782744742640528
BLOCKED_PATH,"('WAIT', 7, 6)",-1.9546983304244483
BLOCKED_PATH,"('MOVE', 6, 6)",-1.9316903651205906
BLOCKED_PATH,"('WAIT', 6, 6)",-1.9092368854071582
BLOCKED_PATH,"('MOVE', 5, 6)",-1.887324528335019
BLOCKED_PATH,"('WAIT', 5, 6)",-1.8659402529984135
BLOCKED_PATH,"('MOVE', 6, 6)",-1.8450713327737978
BLOCKED_PATH,"('MOVE', 7, 6)",-1.8247053477457311
BLOCKED_PATH,"('MOVE', 6, 6)",-1.804830177315294
BLOCKED_PATH,"('MOVE', 7, 6)",-1.7854339929866427
BLOCKED_PATH,"('WAIT', 7, 6)",-1.7665052513274078
BLOCKED_PATH,"('WAIT', 7, 6)",-1.7480326870987422
BLOCKED_PATH,"('BOMB', 7, 6)",-52.761624816589816
BOMB_EVADE,"('MOVE', 6, 5)",-12.036253176700038
BOMB_EVADE,"('WAIT', 6, 5)",-10.311683142344526
BOMB_EVADE,"('WAIT', 6, 5)",-10.048582953835067
BOMB_EVADE,"('WAIT', 6, 5)",-9.79291662106743
BOMB_EVADE,"('WAIT', 6, 5)",-9.544474101580205
BOMB_EVADE,"('MOVE', 6, 4)",-10.160638165919051
BOMB_EVADE,"('MOVE', 6, 5)",-8.78686492314616
BOMB_EVADE,"('WAIT', 6, 5)",-8.566848241107126
BOMB_EVADE,"('WAIT', 6, 5)",-8.35304809689856
BOMB_EVADE,"('WAIT', 6, 5)",-8.145288843191175
BOMB_EVADE,"('WAIT', 6, 5)",-7.943399795544223
BOMB_EVADE,"('WAIT', 6, 5)",-6.3425288833242774
BOMB_EVADE,"('MOVE', 5, 5)",-5.871912765624245
BOMB_EVADE,"('MOVE', 4, 5)",-5.442752582945987
BLOCKED_PATH,"('MOVE', 3, 4)",9.796355134881308
BLOCKED_PATH,"('WAIT', 3, 4)",9.279144836559158
BLOCKED_PATH,"('MOVE', 2, 4)",8.94258114689675
BLOCKED_PATH,"('MOVE', 3, 4)",8.617037354219963
BLOCKED_PATH,"('WAIT', 3, 4)",8.302152640849105
BLOCKED_PATH,"('MOVE', 4, 4)",7.997578003134876
BLOCKED_PATH,"('MOVE', 4, 5)",6.794812445339746
BLOCKED_PATH,"('MOVE', 5, 5)",6.9494674964430665
BLOCKED_PATH,"('MOVE', 4, 4)",7.877021422713349
BLOCKED_PATH,"('MOVE', 3, 4)",7.422654682501515
BLOCKED_PATH,"('WAIT', 3, 4)",7.14687690314648
BLOCKED_PATH,"('MOVE', 2, 4)",6.880128745265064
BLOCKED_PATH,"('WAIT', 2, 4)",6.622114557539212
BLOCKED_PATH,"('MOVE', 1, 4)",6.3725483689793405
BLOCKED_PATH,"('MOVE', 0, 3)",6.744781795591865
BLOCKED_PATH,"('MOVE', 1, 2)",6.8769044022897825
BLOCKED_PATH,"('MOVE', 2, 1)",6.4447460672122325
BLOCKED_PATH,"('MOVE', 1, 0)",5.910606228017329
BLOCKED_PATH,"('MOVE', 2, 1)",5.254302460351978
BLOCKED_PATH,"('MOVE', 3, 2)",5.201275197525469
BLOCKED_PATH,"('MOVE', 4, 2)",5.149963110140863
BLOCKED_PATH,"('MOVE', 5, 2)",4.887269395020719
BLOCKED_PATH,"('MOVE', 4, 2)",4.635796558258339
BLOCKED_PATH,"('WAIT', 4, 2)",4.395065303609188
BLOCKED_PATH,"('MOVE', 5, 2)",4.164616807815134
BLOCKED_PATH,"('WAIT', 5, 2)",3.944011846107352
BLOCKED_PATH,"('WAIT', 5, 2)",3.732829955063099
BLOCKED_PATH,"('MOVE', 6, 2)",3.5306686312207907
BLOCKED_PATH,"('WAIT', 6, 2)",3.337142563925986
BLOCKED_PATH,"('MOVE', 5, 2)",3.1518829009461005
BLOCKED_PATH,"('MOVE', 6, 2)",2.974536545454165
BLOCKED_PATH,"('WAIT', 6, 2)",2.804765483041691
BLOCKED_PATH,"('MOVE', 7, 1)",-0.4453568110557593
BLOCKED_PATH,"('MOVE', 6, 2)",3.6843392517322084
BLOCKED_PATH,"('MOVE', 5, 2)",3.6978226000377195
BLOCKED_PATH,"('WAIT', 5, 2)",3.4971566042133935
BLOCKED_PATH,"('BOMB', 5, 2)",2.468238831509483
BOMB_EVADE,"('MOVE', 6, 1)",0.6467945468398489
BOMB_EVADE,"('MOVE', 6, 0)",3.670352193341102
BOMB_EVADE,"('WAIT', 6, 0)",3.4157468438536975
BOMB_EVADE,"('WAIT', 6, 0)",3.1750213649422276
BOMB_EVADE,"('MOVE', 7, 0)",2.9474190921941306
BOMB_EVADE,"('WAIT', 7, 0)",2.732224610935459
BOMB_EVADE,"('MOVE', 6, 0)",2.5287615074916645
BOMB_EVADE,"('MOVE', 7, 0)",2.336390243038933
BOMB_EVADE,"('WAIT', 7, 0)",2.154506143363016
BOMB_EVADE,"('MOVE', 6, 0)",1.9825374982068271
BOMB_EVADE,"('MOVE', 7, 0)",1.81994376423256
BOMB_EVADE,"('MOVE', 6, 0)",19.996870969623668
BOMB_EVADE,"('MOVE', 7, 0)",17.606368485270394
BOMB_EVADE,"('WAIT', 7, 0)",15.48802570204432
BLOCKED_PATH,"('MOVE', 6, 1)",2.2992079647349195
BLOCKED_PATH,"('MOVE', 6, 2)",2.5986980192580544
BLOCKED_PATH,"('WAIT', 6, 2)",2.658554186967309
BLOCKED_PATH,"('MOVE', 5, 1)",1.0238411473561368
BLOCKED_PATH,"('MOVE', 4, 2)",2.79254503526083
BLOCKED_PATH,"('WAIT', 4, 2)",2.8441210894333455
BLOCKED_PATH,"('MOVE', 3, 2)",2.6799206816797105
BLOCKED_PATH,"('MOVE', 2, 1)",2.3748827923689237
BLOCKED_PATH,"('MOVE', 1, 2)",2.2019390220748476
BLOCKED_PATH,"('WAIT', 1, 2)",2.2787426239574122
BLOCKED_PATH,"('MOVE', 2, 2)",2.138692177249868
BLOCKED_PATH,"('MOVE', 1, 2)",2.0046239407590294
BLOCKED_PATH,"('WAIT', 1, 2)",1.8762823862811782
BLOCKED_PATH,"('MOVE', 2, 2)",1.7534229004184196
BLOCKED_PATH,"('MOVE', 3, 2)",1.6358113183562257
BLOCKED_PATH,"('WAIT', 3, 2)",1.523223477555525
BLOCKED_PATH,"('MOVE', 4, 2)",1.4154447905086933
BLOCKED_PATH,"('WAIT', 4, 2)",1.3122698357451363
BLOCKED_PATH,"('WAIT', 4, 2)",1.2135019663069369
BLOCKED_PATH,"('MOVE', 3, 2)",1.1189529349483414
BLOCKED_PATH,"('MOVE', 4, 1)",0.7807220943113302
BLOCKED_PATH,"('MOVE', 3, 2)",0.8211783946932731
BLOCKED_PATH,"('WAIT', 3, 2)",0.9569607469199484
BLOCKED_PATH,"('WAIT', 3, 2)",0.8733697920238108
BLOCKED_PATH,"('MOVE', 4, 2)",0.7933493981373646
BLOCKED_PATH,"('MOVE', 3, 2)",0.7167470498845164
BLOCKED_PATH,"('MOVE', 2, 1)",0.36956542197847453
BLOCKED_PATH,"('MOVE', 1, 2)",0.46558679208623455
BLOCKED_PATH,"('MOVE', 2, 2)",0.6165581263411659
BLOCKED_PATH,"('MOVE', 1, 2)",0.5475073609445432
BLOCKED_PATH,"('MOVE', 2, 2)",0.4814060769950561
BLOCKED_PATH,"('MOVE', 3, 2)",0.4181282883322755
BLOCKED_PATH,"('MOVE', 2, 2)",0.3575533902544814
BLOCKED_PATH,"('MOVE', 1, 2)",0.2995659296513676
BLOCKED_PATH,"('WAIT', 1, 2)",0.24405538495545587
BLOCKED_PATH,"('MOVE', 2, 2)",0.19091595549281565
BLOCKED_PATH,"('MOVE', 3, 2)",0.14004635983159902
BLOCKED_PATH,"('WAIT', 3, 2)",0.09134964274405538
BLOCKED_PATH,"('WAIT', 3, 2)",0.0447329904141015
BLOCKED_PATH,"('MOVE', 2, 2)",0.00010755353824160041
BLOCKED_PATH,"('MOVE', 1, 2)",-0.04261172201732544
BLOCKED_PATH,"('MOVE', 2, 2)",-0.08350625732616979
BLOCKED_PATH,"('MOVE', 1, 2)",-0.122653995586642
BLOCKED_PATH,"('WAIT', 1, 2)",-0.16012955067820425
BLOCKED_PATH,"('WAIT', 1, 2)",-0.1960043493722267
BLOCKED_PATH,"('WAIT', 1, 2)",-0.23034676746829386
BLOCKED_PATH,"('WAIT', 1, 2)",-0.2632222601154931
BLOCKED_PATH,"('WAIT', 1, 2)",-0.2946934865670695
BLOCKED_PATH,"('MOVE', 2, 2)",-0.3248204296062268
BLOCKED_PATH,"('MOVE', 3, 2)",-0.3536605098706922
BLOCKED_PATH,"('MOVE', 2, 2)",-0.38126869529394414
BLOCKED_PATH,"('WAIT', 2, 2)",-0.4076976058716931
BLOCKED_PATH,"('MOVE', 1, 2)",-0.4329976139532956
BLOCKED_PATH,"('MOVE', 0, 3)",-0.4477841652530318
BLOCKED_PATH,"('MOVE', 1, 2)",-0.27422660074579486
BLOCKED_PATH,"('MOVE', 0, 3)",-0.5076313738213859
BLOCKED_PATH,"('MOVE', 1, 2)",-0.3342194999135101
BLOCKED_PATH,"('MOVE', 0, 3)",-0.5614832866787054
BLOCKED_PATH,"('MOVE', 1, 4)",-0.3821123748793753
BLOCKED_PATH,"('MOVE', 2, 4)",-0.23863157634454368
BLOCKED_PATH,"('MOVE', 1, 4)",-0.26356059232129575
BLOCKED_PATH,"('MOVE', 0, 3)",-0.28230916549127155
BLOCKED_PATH,"('MOVE', 1, 4)",-0.48541048191086367
BLOCKED_PATH,"('MOVE', 0, 3)",-0.338501456100257
BLOCKED_PATH,"('MOVE', 1, 4)",-0.5370774578016316
BLOCKED_PATH,"('MOVE', 2, 4)",-0.3885227332830297
BLOCKED_PATH,"('WAIT', 2, 4)",-0.40854395570018925
BLOCKED_PATH,"('MOVE', 3, 4)",-0.4279096355994241
BLOCKED_PATH,"('WAIT', 3, 4)",-0.44664123700445124
BLOCKED_PATH,"('MOVE', 4, 4)",-0.4647595211557182
BLOCKED_PATH,"('MOVE', 3, 4)",-0.48228456952120136
BLOCKED_PATH,"('MOVE', 2, 4)",-0.4992358060537758
BLOCKED_PATH,"('MOVE', 1, 4)",-0.5156320187198267
BLOCKED_PATH,"('WAIT', 1, 4)",-0.5314913803229615
BLOCKED_PATH,"('MOVE', 2, 4)",-0.546831468645905
BLOCKED_PATH,"('WAIT', 2, 4)",-0.5616692859329006
BLOCKED_PATH,"('MOVE', 1, 4)",-0.5760212777342111
BLOCKED_PATH,"('WAIT', 1, 4)",-0.5899033511336063
BLOCKED_PATH,"('MOVE', 2, 4)",-0.6033308923790377
BLOCKED_PATH,"('WAIT', 2, 4)",-0.6163187839360454
BLOCKED_PATH,"('MOVE', 1, 4)",-0.6288814209827931
BLOCKED_PATH,"('WAIT', 1, 4)",-0.6410327273650185
BLOCKED_PATH,"('MOVE', 2, 4)",-0.6527861710285795
BLOCKED_PATH,"('MOVE', 3, 4)",-0.6641547789467018
BLOCKED_PATH,"('BOMB', 3, 4)",-3.895322799749967
BOMB_EVADE,"('MOVE', 2, 5)",1.7141951195504865
BOMB_EVADE,"('WAIT', 2, 5)",3.0502483322390876
BOMB_EVADE,"('MOVE', 3, 6)",-66.70152374766265
BOMB_EVADE,"('MOVE', 2, 5)",20.331675362034954
BOMB_EVADE,"('MOVE', 1, 5)",21.269710839243135
BOMB_EVADE,"('MOVE', 0, 5)",20.752012992065815
BOMB_EVADE,"('WAIT', 0, 5)",20.108490834849025
BOMB_EVADE,"('WAIT', 0, 5)",19.48400695087066
BOMB_EVADE,"('WAIT', 0, 5)",18.877998102573436
BOMB_EVADE,"('WAIT', 0, 5)",18.289917715494536
BOMB_EVADE,"('WAIT', 0, 5)",17.719235385296525
BOMB_EVADE,"('WAIT', 0, 5)",23.610632119870903
BOMB_EVADE,"('WAIT', 0, 5)",21.4427149414446
BOMB_EVADE,"('WAIT', 0, 5)",19.465766644663606
BLOCKED_PATH,"('BOMB', 0, 5)",3.8259240551990774
BOMB_EVADE,"('MOVE', 1, 4)",16.25942080419626
BOMB_EVADE,"('WAIT', 1, 4)",17.331425364014546
BOMB_EVADE,"('WAIT', 1, 4)",16.731210827165093
BOMB_EVADE,"('WAIT', 1, 4)",16.150648744126055
BOMB_EVADE,"('WAIT', 1, 4)",15.589095646742207
BOMB_EVADE,"('MOVE', 0, 5)",-15.051547664381303
BOMB_EVADE,"('MOVE', 1, 4)",22.757349967647137
BOMB_EVADE,"('WAIT', 1, 4)",23.616596846822794
BOMB_EVADE,"('WAIT', 1, 4)",22.810590822641508
BOMB_EVADE,"('WAIT', 1, 4)",22.03097535581707
BOMB_EVADE,"('WAIT', 1, 4)",21.27688635663214
BOMB_EVADE,"('MOVE', 2, 4)",12.569936324784509
BOMB_EVADE,"('MOVE', 3, 3)",14.334986622730323
BOMB_EVADE,"('MOVE', 4, 2)",15.935472696791981
BLOCKED_PATH,"('BOMB', 4, 2)",21.045205826953804
BOMB_EVADE,"('MOVE', 3, 1)",28.875523909066544
BOMB_EVADE,"('MOVE', 2, 0)",31.757846058058217
BOMB_EVADE,"('MOVE', 3, 0)",29.972044367136924
BOMB_EVADE,"('WAIT', 3, 0)",28.283596075875835
BOMB_EVADE,"('WAIT', 3, 0)",26.687193940769912
BOMB_EVADE,"('MOVE', 2, 0)",25.17782004394345
BOMB_EVADE,"('MOVE', 3, 0)",23.750730020495233
BOMB_EVADE,"('MOVE', 3, 1)",21.60964978578176
BOMB_EVADE,"('MOVE', 3, 0)",21.60881740325414
BOMB_EVADE,"('WAIT', 3, 0)",20.37629239910998
BOMB_EVADE,"('WAIT', 3, 0)",19.210958785773453
BOMB_EVADE,"('WAIT', 3, 0)",13.222124340253428
BOMB_EVADE,"('MOVE', 2, 1)",10.372415600995305
BOMB_EVADE,"('MOVE', 3, 0)",11.56991697264436
BLOCKED_PATH,"('BOMB', 3, 0)",18.650661194320868
BOMB_EVADE,"('MOVE', 4, 1)",23.111740202079506
BOMB_EVADE,"('WAIT', 4, 1)",24.35953998181307
BOMB_EVADE,"('WAIT', 4, 1)",23.137224204296317
BOMB_EVADE,"('MOVE', 4, 0)",9.05175876060297
BOMB_EVADE,"('MOVE', 4, 1)",25.864312219345663
BOMB_EVADE,"('WAIT', 4, 1)",26.979439552817645
BOMB_EVADE,"('WAIT', 4, 1)",25.63084606744638
BOMB_EVADE,"('WAIT', 4, 1)",24.3472540409268
BOMB_EVADE,"('WAIT', 4, 1)",23.12553043895415
BOMB_EVADE,"('WAIT', 4, 1)",21.9626932377414
BOMB_EVADE,"('WAIT', 4, 1)",20.85590414539597
BOMB_EVADE,"('MOVE', 5, 1)",9.141435536641442
BOMB_EVADE,"('MOVE', 4, 1)",8.045823387253588
BOMB_EVADE,"('WAIT', 4, 1)",7.068573769240041
BLOCKED_PATH,"('BOMB', 4, 1)",22.129152723334087
BOMB_EVADE,"('MOVE', 5, 0)",23.509577009177292
BOMB_EVADE,"('WAIT', 5, 0)",24.88648351422173
BOMB_EVADE,"('WAIT', 5, 0)",23.488183158190367
BOMB_EVADE,"('WAIT', 5, 0)",22.165414261833824
BOMB_EVADE,"('WAIT', 5, 0)",20.914096870959142
BOMB_EVADE,"('WAIT', 5, 0)",19.730371416710657
BOMB_EVADE,"('WAIT', 5, 0)",18.610586811098862
BOMB_EVADE,"('MOVE', 5, 1)",6.9077370205656905
BOMB_EVADE,"('MOVE', 5, 0)",20.504828138464326
BOMB_EVADE,"('MOVE', 5, 1)",14.624743075278463
BOMB_EVADE,"('MOVE', 6, 1)",16.83708466722019
BLOCKED_PATH,"('MOVE', 0, 1)",7.8332616317568
BLOCKED_PATH,"('BOMB', 0, 1)",39.91237817685061
BOMB_EVADE,"('MOVE', 1, 2)",-32.662319067435824
BOMB_EVADE,"('WAIT', 1, 2)",-29.174139122782474
BOMB_EVADE,"('WAIT', 1, 2)",-27.970689745294095
BOMB_EVADE,"('WAIT', 1, 2)",-26.81864532459483
BOMB_EVADE,"('WAIT', 1, 2)",-25.715810114330974
BOMB_EVADE,"('WAIT', 1, 2)",-24.660082158754843
BOMB_EVADE,"('WAIT', 1, 2)",-23.649449286488917
BOMB_EVADE,"('WAIT', 1, 2)",-22.681985275415066
BOMB_EVADE,"('WAIT', 1, 2)",-21.755846181379333
BOMB_EVADE,"('WAIT', 1, 2)",-20.869266823714877
BOMB_EVADE,"('WAIT', 1, 2)",-20.020557420884728
BOMB_EVADE,"('MOVE', 2, 2)",-22.841896638850677
BOMB_EVADE,"('WAIT', 2, 2)",-20.60204341566439
BOMB_EVADE,"('MOVE', 3, 2)",-18.59188372799709
BLOCKED_PATH,"('MOVE', 4, 2)",-14.985415771111724
BLOCKED_PATH,"('WAIT', 4, 2)",-14.388033191636534
BLOCKED_PATH,"('WAIT', 4, 2)",-13.8161676187417
BLOCKED_PATH,"('MOVE', 3, 2)",-13.268729101619824
BLOCKED_PATH,"('WAIT', 3, 2)",-12.744674246365038
BLOCKED_PATH,"('MOVE', 4, 2)",-12.243004227309779
BLOCKED_PATH,"('MOVE', 5, 2)",-11.762762883306687
BLOCKED_PATH,"('MOVE', 6, 2)",-11.303034895327214
BLOCKED_PATH,"('MOVE', 7, 2)",-10.862944041903543
BLOCKED_PATH,"('WAIT', 7, 2)",-10.441651529088714
BLOCKED_PATH,"('WAIT', 7, 2)",-10.038354391752017
BLOCKED_PATH,"('MOVE', 6, 2)",-9.6522839631625
BLOCKED_PATH,"('WAIT', 6, 2)",-9.282704409943758
BLOCKED_PATH,"('MOVE', 7, 2)",-8.928911329607654
BLOCKED_PATH,"('MOVE', 6, 2)",-8.590230407993944
BLOCKED_PATH,"('MOVE', 7, 2)",-8.266016134056919
BLOCKED_PATH,"('WAIT', 7, 2)",-7.9556505695495545
BLOCKED_PATH,"('BOMB', 7, 2)",-68.51514676046257
BOMB_EVADE,"('MOVE', 6, 1)",-12.203190178858053
BOMB_EVADE,"('WAIT', 6, 1)",-9.253230319821682
BOMB_EVADE,"('MOVE', 6, 2)",-83.36380050530184
BOMB_EVADE,"('MOVE', 5, 1)",23.9695758783285
BOMB_EVADE,"('MOVE', 4, 0)",27.364547136970018
BOMB_EVADE,"('MOVE', 3, 0)",25.83310886049433
BOMB_EVADE,"('MOVE', 3, 1)",22.976666184881147
BOMB_EVADE,"('MOVE', 4, 0)",23.701036005773574
BOMB_EVADE,"('MOVE', 5, 0)",22.353034614948434
BOMB_EVADE,"('MOVE', 6, 0)",21.07993843427756
BOMB_EVADE,"('WAIT', 6, 0)",19.876245391655452
BOMB_EVADE,"('MOVE', 5, 0)",26.80797905757519
BOMB_EVADE,"('WAIT', 5, 0)",23.642029087308316
BOMB_EVADE,"('MOVE', 4, 0)",20.836523836648006
BLOCKED_PATH,"('BOMB', 4, 0)",26.477718702832142
BOMB_EVADE,"('MOVE', 5, 1)",23.889947500380813
BOMB_EVADE,"('WAIT', 5, 1)",25.10023811947603
BOMB_EVADE,"('WAIT', 5, 1)",23.842221102083005
BOMB_EVADE,"('WAIT', 5, 1)",22.644839807965983
BOMB_EVADE,"('WAIT', 5, 1)",21.505171628856267
BOMB_EVADE,"('WAIT', 5, 1)",20.42043482458452
BOMB_EVADE,"('WAIT', 5, 1)",19.387981733316455
BOMB_EVADE,"('MOVE', 6, 1)",18.32147088518394
BOMB_EVADE,"('MOVE', 6, 2)",16.38215625654514
BOMB_EVADE,"('MOVE', 7, 3)",14.960356654630662
BOMB_EVADE,"('MOVE', 6, 2)",15.82384717283764
BOMB_EVADE,"('MOVE', 6, 1)",21.777003978201517
BOMB_EVADE,"('MOVE', 5, 1)",19.31633041822961
BOMB_EVADE,"('MOVE', 6, 1)",17.121491397977657
BLOCKED_PATH,"('BOMB', 6, 1)",16.981933468818802
BOMB_EVADE,"('MOVE', 5, 0)",20.69635447831011
BOMB_EVADE,"('WAIT', 5, 0)",22.225221757182556
BOMB_EVADE,"('WAIT', 5, 0)",20.970673767528652
BOMB_EVADE,"('WAIT', 5, 0)",19.78389222052918
BOMB_EVADE,"('MOVE', 5, 1)",-14.03694813142792
BOMB_EVADE,"('MOVE', 4, 0)",32.6010481120125
BOMB_EVADE,"('MOVE', 5, 0)",33.802626353431556
BOMB_EVADE,"('WAIT', 5, 0)",31.922706093343148
BOMB_EVADE,"('WAIT', 5, 0)",30.1443327725116
BOMB_EVADE,"('WAIT', 5, 0)",28.462021168456257
BOMB_EVADE,"('WAIT', 5, 0)",26.870582351877598
BOMB_EVADE,"('WAIT', 5, 0)",27.686693695074492
BOMB_EVADE,"('WAIT', 5, 0)",24.420701698211438
BOMB_EVADE,"('MOVE', 4, 0)",21.526544247251636
BLOCKED_PATH,"('BOMB', 4, 0)",19.9328804047326
BOMB_EVADE,"('MOVE', 3, 1)",24.81719327348417
BOMB_EVADE,"('WAIT', 3, 1)",25.982791160025375
BOMB_EVADE,"('WAIT', 3, 1)",24.682235575026922
BOMB_EVADE,"('WAIT', 3, 1)",23.44436604869598
BOMB_EVADE,"('WAIT', 3, 1)",22.266161147733904
BOMB_EVADE,"('WAIT', 3, 1)",21.1447450702531
BOMB_EVADE,"('WAIT', 3, 1)",20.07738062642373
BOMB_EVADE,"('WAIT', 3, 1)",19.061462557449293
BOMB_EVADE,"('WAIT', 3, 1)",18.094511176563923
BOMB_EVADE,"('WAIT', 3, 1)",17.17416631653009
BOMB_EVADE,"('WAIT', 3, 1)",16.298181568863544
BOMB_EVADE,"('MOVE', 2, 1)",1.5267720377614484
BOMB_EVADE,"('MOVE', 1, 2)",0.5617657636575046
BOMB_EVADE,"('MOVE', 2, 1)",1.7447499591178612
BLOCKED_PATH,"('BOMB', 2, 1)",22.19416097039345
BOMB_EVADE,"('MOVE', 3, 0)",21.934679002266623
BOMB_EVADE,"('MOVE', 2, 1)",7.068059141393711
BOMB_EVADE,"('MOVE', 1, 0)",28.958769822801184
BOMB_EVADE,"('MOVE', 0, 0)",30.102106641302914
BOMB_EVADE,"('WAIT', 0, 0)",28.40656797454158
BOMB_EVADE,"('MOVE', 0, 1)",16.85116129277118
BOMB_EVADE,"('MOVE', 0, 0)",28.953000883612425
BOMB_EVADE,"('WAIT', 0, 0)",30.04586776064985
BOMB_EVADE,"('MOVE', 1, 1)",20.78719173022353
BOMB_EVADE,"('MOVE', 0, 1)",22.5865903426764
BOMB_EVADE,"('MOVE', 0, 0)",29.488550947860087
BLOCKED_PATH,"('MOVE', 0, 1)",15.74561810165536
BLOCKED_PATH,"('BOMB', 0, 1)",18.25409385573056
BOMB_EVADE,"('MOVE', 1, 2)",-36.229302593692516
BOMB_EVADE,"('WAIT', 1, 2)",-32.5887600840118
BOMB_EVADE,"('WAIT', 1, 2)",-31.239456259924648
BOMB_EVADE,"('WAIT', 1, 2)",-29.94778751884975
BOMB_EVADE,"('WAIT', 1, 2)",-28.71129199657645
BOMB_EVADE,"('WAIT', 1, 2)",-27.527612986639586
BOMB_EVADE,"('WAIT', 1, 2)",-26.39449444853991
BOMB_EVADE,"('WAIT', 1, 2)",-25.309776707829425
BOMB_EVADE,"('WAIT', 1, 2)",-24.271392339866185
BOMB_EVADE,"('WAIT', 1, 2)",-23.27736222939323
BOMB_EVADE,"('WAIT', 1, 2)",-22.32579179843134
BOMB_EVADE,"('WAIT', 1, 2)",-23.12202752885478
BOMB_EVADE,"('WAIT', 1, 2)",-20.853447309690786
BOMB_EVADE,"('MOVE', 2, 2)",-18.817506535716404
BLOCKED_PATH,"('MOVE', 3, 2)",-7.776637759115519
BLOCKED_PATH,"('MOVE', 2, 2)",-7.487175835997622
BLOCKED_PATH,"('MOVE', 3, 2)",-7.210078186714842
BLOCKED_PATH,"('MOVE', 2, 2)",-6.944816675249073
BLOCKED_PATH,"('WAIT', 2, 2)",-6.690885724743974
BLOCKED_PATH,"('WAIT', 2, 2)",-6.44780135389757
BLOCKED_PATH,"('MOVE', 1, 2)",-6.215100254515019
BLOCKED_PATH,"('MOVE', 0, 3)",-5.517280450554121
BLOCKED_PATH,"('MOVE', 1, 4)",-4.7402780436744365
BLOCKED_PATH,"('MOVE', 2, 5)",-4.629005578732415
BLOCKED_PATH,"('MOVE', 3, 6)",-3.4807544203043332
BLOCKED_PATH,"('WAIT', 3, 6)",-3.30047031100614
BLOCKED_PATH,"('WAIT', 3, 6)",-3.245029613760286
BLOCKED_PATH,"('WAIT', 3, 6)",-3.190925021960523
BLOCKED_PATH,"('MOVE', 4, 6)",-3.138124335835713
BLOCKED_PATH,"('WAIT', 4, 6)",-3.086596131620282
BLOCKED_PATH,"('WAIT', 4, 6)",-3.0363097428527017
BLOCKED_PATH,"('MOVE', 3, 6)",-2.987235242124673
BLOCKED_PATH,"('MOVE', 2, 6)",-2.9393434232701448
BLOCKED_PATH,"('WAIT', 2, 6)",-2.8926057839835786
BLOCKED_PATH,"('MOVE', 3, 6)",-2.8469945088571045
BLOCKED_PATH,"('MOVE', 2, 6)",-2.8024824528264762
BLOCKED_PATH,"('MOVE', 3, 6)",-2.759043125015977
BLOCKED_PATH,"('MOVE', 4, 6)",-2.716650672972656
BLOCKED_PATH,"('WAIT', 4, 6)",-2.6752798672805165
BLOCKED_PATH,"('WAIT', 4, 6)",-2.6349060865455014
BLOCKED_PATH,"('WAIT', 4, 6)",-2.5955053027423274
BLOCKED_PATH,"('MOVE', 3, 6)",-2.5570540669144655
BLOCKED_PATH,"('WAIT', 3, 6)",-2.519529495218743
BLOCKED_PATH,"('MOVE', 3, 5)",-3.1006724853878067
BLOCKED_PATH,"('MOVE', 4, 4)",-2.7406627843006897
BLOCKED_PATH,"('WAIT', 4, 4)",-2.8473812493687394
BLOCKED_PATH,"('MOVE', 3, 4)",-2.786893586300766
BLOCKED_PATH,"('MOVE', 4, 4)",-2.7283864334196717
BLOCKED_PATH,"('MOVE', 5, 5)",-2.9598494413380374
BLOCKED_PATH,"('MOVE', 4, 6)",-2.0279971955142955
BLOCKED_PATH,"('MOVE', 4, 5)",-2.4446400985336267
BLOCKED_PATH,"('MOVE', 4, 6)",-1.8432840821561909
BLOCKED_PATH,"('MOVE', 3, 6)",-1.7024625544144765
BLOCKED_PATH,"('WAIT', 3, 6)",-1.6855334014410528
BLOCKED_PATH,"('MOVE', 4, 6)",-1.6690122363647728
BLOCKED_PATH,"('WAIT', 4, 6)",-1.652889226790331
BLOCKED_PATH,"('MOVE', 3, 6)",-1.6371547772804256
BLOCKED_PATH,"('MOVE', 2, 5)",-2.160113944375091
BLOCKED_PATH,"('MOVE', 2, 6)",-1.595409311541657
BLOCKED_PATH,"('WAIT', 2, 6)",-1.4605614971083818
BLOCKED_PATH,"('MOVE', 1, 6)",-1.449462092607432
BLOCKED_PATH,"('WAIT', 1, 6)",-1.4386301806803277
BLOCKED_PATH,"('MOVE', 2, 6)",-1.428059314830137
BLOCKED_PATH,"('MOVE', 3, 6)",-1.4177432039187183
BLOCKED_PATH,"('MOVE', 2, 5)",-1.9266534407138303
BLOCKED_PATH,"('MOVE', 3, 5)",-1.9094745973197729
BLOCKED_PATH,"('BOMB', 3, 5)",-60.76020132946606
BOMB_EVADE,"('MOVE', 4, 6)",-7.51654134699275
BOMB_EVADE,"('MOVE', 5, 6)",-5.922926616527939
BOMB_EVADE,"('MOVE', 6, 6)",-5.565079858114086
BOMB_EVADE,"('MOVE', 7, 6)",-5.207151749428811
BOMB_EVADE,"('WAIT', 7, 6)",-5.095271813709928
BOMB_EVADE,"('WAIT', 7, 6)",-4.986367078497698
BOMB_EVADE,"('WAIT', 7, 6)",-4.880358424886679
BOMB_EVADE,"('WAIT', 7, 6)",-4.777168837964484
BOMB_EVADE,"('MOVE', 6, 5)",-9.98157212688054
BOMB_EVADE,"('MOVE', 7, 6)",-3.9304903093109296
BOMB_EVADE,"('WAIT', 7, 6)",-2.522920483910971
BOMB_EVADE,"('MOVE', 6, 6)",8.184263135404288
BOMB_EVADE,"('MOVE', 5, 6)",7.4133956201612135
BOMB_EVADE,"('WAIT', 5, 6)",6.707229727388679
BLOCKED_PATH,"('BOMB', 5, 6)",18.570903727700546
BOMB_EVADE,"('MOVE', 4, 5)",3.7323530475063427
BOMB_EVADE,"('MOVE', 4, 4)",6.236711640136323
BOMB_EVADE,"('MOVE', 3, 3)",7.30264798119677
BOMB_EVADE,"('MOVE', 2, 2)",8.341118870091918
BOMB_EVADE,"('MOVE', 3, 1)",9.337487261718262
BOMB_EVADE,"('MOVE', 4, 0)",10.275011504704787
BOMB_EVADE,"('MOVE', 3, 0)",9.600384777553478
BOMB_EVADE,"('WAIT', 3, 0)",8.966123527705403
BOMB_EVADE,"('WAIT', 3, 0)",8.369812535465966
BOMB_EVADE,"('WAIT', 3, 0)",7.80918109290069
BOMB_EVADE,"('MOVE', 4, 0)",7.282094357148184
BOMB_EVADE,"('MOVE', 3, 0)",30.490474073021637
BOMB_EVADE,"('WAIT', 3, 0)",26.905270515123604
BOMB_EVADE,"('WAIT', 3, 0)",23.728243871989037
BLOCKED_PATH,"('MOVE', 2, 0)",13.402183178231034
BLOCKED_PATH,"('MOVE', 1, 0)",12.6050761978957
BLOCKED_PATH,"('WAIT', 1, 0)",11.852086108050946
BLOCKED_PATH,"('MOVE', 2, 0)",11.140771203788182
BLOCKED_PATH,"('MOVE', 1, 0)",10.468824919434477
BLOCKED_PATH,"('WAIT', 1, 0)",9.834068349101234
BLOCKED_PATH,"('WAIT', 1, 0)",9.234443181192526
BLOCKED_PATH,"('WAIT', 1, 0)",8.668005023961982
BLOCKED_PATH,"('WAIT', 1, 0)",8.132917100475112
BLOCKED_PATH,"('WAIT', 1, 0)",7.62744429253192
BLOCKED_PATH,"('WAIT', 1, 0)",7.149947514236109
BLOCKED_PATH,"('WAIT', 1, 0)",6.6988783969662
BLOCKED_PATH,"('MOVE', 2, 0)",6.272774268513611
BLOCKED_PATH,"('WAIT', 2, 0)",5.870253410106681
BLOCKED_PATH,"('WAIT', 2, 0)",5.490010575940666
BLOCKED_PATH,"('MOVE', 1, 1)",5.1432262146622305
BLOCKED_PATH,"('MOVE', 2, 2)",5.10866475362955
BLOCKED_PATH,"('MOVE', 1, 2)",5.061308491854016
BLOCKED_PATH,"('MOVE', 2, 2)",4.802401630512218
BLOCKED_PATH,"('WAIT', 2, 2)",4.554553893275381
BLOCKED_PATH,"('MOVE', 1, 2)",4.31729289318035
BLOCKED_PATH,"('WAIT', 1, 2)",4.090166421122618
BLOCKED_PATH,"('WAIT', 1, 2)",3.8727415839655244
BLOCKED_PATH,"('MOVE', 2, 2)",3.6646039794648373
BLOCKED_PATH,"('MOVE', 1, 2)",3.465356906436173
BLOCKED_PATH,"('WAIT', 1, 2)",3.2746206086598684
BLOCKED_PATH,"('MOVE', 2, 2)",3.0920315510822087
BLOCKED_PATH,"('WAIT', 2, 2)",2.917241726933489
BLOCKED_PATH,"('WAIT', 2, 2)",2.7499179944423138
BLOCKED_PATH,"('MOVE', 1, 2)",2.5897414418819245
BLOCKED_PATH,"('WAIT', 1, 2)",2.436406779738381
BLOCKED_PATH,"('MOVE', 2, 2)",2.2896217588420766
BLOCKED_PATH,"('MOVE', 1, 2)",2.1491066133535868
BLOCKED_PATH,"('MOVE', 2, 2)",2.0145935275421953
BLOCKED_PATH,"('MOVE', 1, 2)",1.8858261253408086
BLOCKED_PATH,"('MOVE', 2, 2)",1.7625589817043672
BLOCKED_PATH,"('WAIT', 2, 2)",1.64455715484043
BLOCKED_PATH,"('MOVE', 1, 2)",1.5315957384203762
BLOCKED_PATH,"('MOVE', 2, 2)",1.4234594329177666
BLOCKED_PATH,"('MOVE', 1, 2)",1.3199421352568468
BLOCKED_PATH,"('MOVE', 2, 2)",1.220846545989089
BLOCKED_PATH,"('MOVE', 3, 2)",-1.85633640263145
BLOCKED_PATH,"('MOVE', 2, 2)",2.345888970069944
BLOCKED_PATH,"('BOMB', 2, 2)",-10.507589336804196
BOMB_EVADE,"('MOVE', 3, 1)",5.501413467747369
BOMB_EVADE,"('WAIT', 3, 1)",7.840972040895863
BOMB_EVADE,"('MOVE', 3, 0)",8.418599143913712
BOMB_EVADE,"('WAIT', 3, 0)",7.905141993907558
BOMB_EVADE,"('MOVE', 4, 0)",7.419676081331102
BOMB_EVADE,"('MOVE', 5, 0)",7.335445661469088
BOMB_EVADE,"('MOVE', 6, 0)",7.246722393716408
BOMB_EVADE,"('MOVE', 7, 0)",7.150398688413697
BOMB_EVADE,"('WAIT', 7, 0)",6.677630409922332
BOMB_EVADE,"('WAIT', 7, 0)",6.232285310798305
BOMB_EVADE,"('MOVE', 7, 1)",5.552215532607029
BOMB_EVADE,"('MOVE', 7, 0)",20.558969859986952
BOMB_EVADE,"('WAIT', 7, 0)",18.10447218340672
BOMB_EVADE,"('MOVE', 6, 0)",15.92942008717953
BLOCKED_PATH,"('MOVE', 7, 0)",9.28441366384866
BLOCKED_PATH,"('BOMB', 7, 0)",17.2845462085267
BOMB_EVADE,"('MOVE', 6, 1)",9.599975001600535
BOMB_EVADE,"('MOVE', 5, 1)",11.736749031625626
BOMB_EVADE,"('MOVE', 4, 1)",11.354175463809021
BOMB_EVADE,"('MOVE', 3, 1)",10.974134297872995
BOMB_EVADE,"('MOVE', 2, 0)",11.466203428235845
BOMB_EVADE,"('MOVE', 1, 0)",10.970302747146212
BOMB_EVADE,"('MOVE', 0, 0)",10.468259118776498
BOMB_EVADE,"('MOVE', 1, 0)",9.635135940333145
BOMB_EVADE,"('MOVE', 2, 0)",8.9519308628186
BOMB_EVADE,"('MOVE', 1, 0)",8.538687727860395
BOMB_EVADE,"('MOVE', 0, 0)",8.121261498187966
BOMB_EVADE,"('WAIT', 0, 0)",20.774433903236805
BOMB_EVADE,"('MOVE', 1, 0)",18.295405555804578
BOMB_EVADE,"('WAIT', 1, 0)",16.098615615794696
BLOCKED_PATH,"('WAIT', 1, 0)",6.724680418161984
BLOCKED_PATH,"('WAIT', 1, 0)",6.297148244325762
BLOCKED_PATH,"('MOVE', 0, 1)",4.498900647183867
BLOCKED_PATH,"('MOVE', 1, 0)",6.542202751789544
BLOCKED_PATH,"('WAIT', 1, 0)",5.848038732452273
BLOCKED_PATH,"('WAIT', 1, 0)",5.46902539762015
BLOCKED_PATH,"('WAIT', 1, 0)",5.110989033508099
BLOCKED_PATH,"('MOVE', 1, 1)",4.791667071911294
BLOCKED_PATH,"('MOVE', 2, 2)",3.4179813471071814
BLOCKED_PATH,"('MOVE', 1, 1)",5.364167061478724
BLOCKED_PATH,"('MOVE', 1, 2)",4.832462457845405
BLOCKED_PATH,"('WAIT', 1, 2)",4.79690408914741
BLOCKED_PATH,"('WAIT', 1, 2)",4.5492911776386755
BLOCKED_PATH,"('WAIT', 1, 2)",4.312254972765579
BLOCKED_PATH,"('WAIT', 1, 2)",4.085343693873486
BLOCKED_PATH,"('WAIT', 1, 2)",3.8681248579745127
BLOCKED_PATH,"('WAIT', 1, 2)",3.660184455453829
BLOCKED_PATH,"('WAIT', 1, 2)",3.461126160985413
BLOCKED_PATH,"('WAIT', 1, 2)",3.270570578153294
BLOCKED_PATH,"('WAIT', 1, 2)",3.0881545163385464
BLOCKED_PATH,"('WAIT', 1, 2)",2.9135302984938365
BLOCKED_PATH,"('MOVE', 0, 3)",2.5533294862125726
BLOCKED_PATH,"('MOVE', 1, 2)",2.8739011378508295
BLOCKED_PATH,"('WAIT', 1, 2)",2.494855277613545
BLOCKED_PATH,"('WAIT', 1, 2)",2.3455736477498306
BLOCKED_PATH,"('WAIT', 1, 2)",2.202668535150655
BLOCKED_PATH,"('WAIT', 1, 2)",2.065867568912364
BLOCKED_PATH,"('WAIT', 1, 2)",1.9349100123676861
BLOCKED_PATH,"('WAIT', 1, 2)",1.809546266133033
BLOCKED_PATH,"('WAIT', 1, 2)",1.6895373923829737
BLOCKED_PATH,"('WAIT', 1, 2)",1.574654659445175
BLOCKED_PATH,"('WAIT', 1, 2)",1.4646791058478215
BLOCKED_PATH,"('WAIT', 1, 2)",1.3594011229886152
BLOCKED_PATH,"('WAIT', 1, 2)",1.2586200556299323
BLOCKED_PATH,"('WAIT', 1, 2)",1.1621438194587037
BLOCKED_PATH,"('WAIT', 1, 2)",1.069788534982102
BLOCKED_PATH,"('WAIT', 1, 2)",0.98137817706126
BLOCKED_PATH,"('WAIT', 1, 2)",0.8967442394150422
BLOCKED_PATH,"('WAIT', 1, 2)",0.8157254134544332
BLOCKED_PATH,"('MOVE', 0, 3)",0.67015771633458
BLOCKED_PATH,"('MOVE', 1, 2)",0.8960628047853822
BLOCKED_PATH,"('WAIT', 1, 2)",0.6014996788856855
BLOCKED_PATH,"('WAIT', 1, 2)",0.5330921302751114
BLOCKED_PATH,"('WAIT', 1, 2)",0.4676065883115596
BLOCKED_PATH,"('MOVE', 1, 1)",0.10093658227589841
BLOCKED_PATH,"('MOVE', 1, 2)",0.25167095156205277
BLOCKED_PATH,"('WAIT', 1, 2)",0.4117796328000392
BLOCKED_PATH,"('WAIT', 1, 2)",0.3514759155208797
BLOCKED_PATH,"('WAIT', 1, 2)",0.2937480523149739
BLOCKED_PATH,"('WAIT', 1, 2)",0.23848601639614603
BLOCKED_PATH,"('BOMB', 1, 2)",-4.587823943816432
BOMB_EVADE,"('MOVE', 0, 1)",7.300402433883973
BOMB_EVADE,"('MOVE', 0, 0)",9.818434720401896
BOMB_EVADE,"('MOVE', 1, 1)",5.839600437030504
BOMB_EVADE,"('MOVE', 2, 0)",8.904214888616487
BOMB_EVADE,"('WAIT', 2, 0)",11.090046054799387
BOMB_EVADE,"('MOVE', 3, 0)",10.430954347435256
BOMB_EVADE,"('MOVE', 2, 0)",9.807793179685877
BOMB_EVADE,"('WAIT', 2, 0)",9.218603789724055
BOMB_EVADE,"('WAIT', 2, 0)",8.661534198084803
BOMB_EVADE,"('WAIT', 2, 0)",8.13483338639974
BOMB_EVADE,"('WAIT', 2, 0)",7.63684579347911
BOMB_EVADE,"('MOVE', 3, 0)",11.360578517321908
BOMB_EVADE,"('MOVE', 2, 0)",9.953321517150359
BOMB_EVADE,"('MOVE', 3, 0)",8.706281311181161
BLOCKED_PATH,"('BOMB', 3, 0)",10.06566672452391
BOMB_EVADE,"('MOVE', 3, 1)",8.648402604019992
BOMB_EVADE,"('MOVE', 2, 1)",11.628085057560556
BOMB_EVADE,"('WAIT', 2, 1)",13.429390653124118
BOMB_EVADE,"('WAIT', 2, 1)",12.733902017765782
BOMB_EVADE,"('WAIT', 2, 1)",12.071935549319454
BOMB_EVADE,"('WAIT', 2, 1)",11.441875497911813
BOMB_EVADE,"('WAIT', 2, 1)",10.84218399191828
BOMB_EVADE,"('WAIT', 2, 1)",10.271397284274574
BOMB_EVADE,"('WAIT', 2, 1)",9.72812217971397
BOMB_EVADE,"('WAIT', 2, 1)",9.211032634209753
BOMB_EVADE,"('WAIT', 2, 1)",8.718866518322635
BOMB_EVADE,"('WAIT', 2, 1)",2.3866273852211117
BOMB_EVADE,"('WAIT', 2, 1)",2.020759052745701
BOMB_EVADE,"('MOVE', 1, 1)",1.6944166620058603
BLOCKED_PATH,"('BOMB', 1, 1)",12.247110663902678
BOMB_EVADE,"('MOVE', 2, 0)",11.553097669360266
BOMB_EVADE,"('MOVE', 3, 0)",13.644072743788193
BOMB_EVADE,"('MOVE', 4, 0)",12.912514534964156
BOMB_EVADE,"('MOVE', 5, 0)",12.200538209163309
BOMB_EVADE,"('MOVE', 6, 0)",11.50107484531334
BOMB_EVADE,"('MOVE', 7, 0)",10.808282282315957
BOMB_EVADE,"('WAIT', 7, 0)",10.101747940770185
BOMB_EVADE,"('MOVE', 6, 0)",9.44257934260282
BOMB_EVADE,"('MOVE', 5, 0)",8.853240780257423
BOMB_EVADE,"('MOVE', 4, 0)",8.323620149110951
BOMB_EVADE,"('MOVE', 3, 0)",7.842412168883433
BOMB_EVADE,"('MOVE', 4, 0)",6.661608963663049
BOMB_EVADE,"('WAIT', 4, 0)",5.789331599655983
BOMB_EVADE,"('MOVE', 5, 0)",5.016363375983239
BLOCKED_PATH,"('BOMB', 5, 0)",8.612252760191534
BOMB_EVADE,"('MOVE', 6, 1)",7.4247328200622045
BOMB_EVADE,"('MOVE', 7, 1)",9.447904261478515
BOMB_EVADE,"('WAIT', 7, 1)",8.939111583038647
BOMB_EVADE,"('WAIT', 7, 1)",8.4550961214602
BOMB_EVADE,"('MOVE', 7, 0)",4.516288048370415
BOMB_EVADE,"('MOVE', 7, 1)",7.777684643648807
BOMB_EVADE,"('WAIT', 7, 1)",9.78513146903566
BOMB_EVADE,"('WAIT', 7, 1)",9.259916479490931
BOMB_EVADE,"('WAIT', 7, 1)",8.760278441514613
BOMB_EVADE,"('WAIT', 7, 1)",8.284971807160524
BOMB_EVADE,"('WAIT', 7, 1)",7.8328116842522615
BOMB_EVADE,"('WAIT', 7, 1)",7.468921723008765
BOMB_EVADE,"('WAIT', 7, 1)",6.553996661520284
BOMB_EVADE,"('WAIT', 7, 1)",5.737913919693994
BLOCKED_PATH,"('BOMB', 7, 1)",7.551453412601461
BOMB_EVADE,"('MOVE', 6, 0)",7.524403152660397
BOMB_EVADE,"('WAIT', 6, 0)",9.764774727516691
BOMB_EVADE,"('WAIT', 6, 0)",9.18329797630734
BOMB_EVADE,"('MOVE', 6, 1)",3.9521336702587364
BOMB_EVADE,"('MOVE', 6, 0)",8.999474269717094
BOMB_EVADE,"('MOVE', 7, 1)",6.776979719644987
BOMB_EVADE,"('MOVE', 6, 0)",11.245188538147923
BOMB_EVADE,"('WAIT', 6, 0)",13.284575860879546
BOMB_EVADE,"('WAIT', 6, 0)",12.512971347618741
BOMB_EVADE,"('WAIT', 6, 0)",11.783046302525761
BOMB_EVADE,"('WAIT', 6, 0)",11.092549341586006
BOMB_EVADE,"('MOVE', 7, 0)",6.5247637416163204
BLOCKED_PATH,"('BOMB', 0, 0)",8.570102905137745
BOMB_EVADE,"('MOVE', 1, 1)",-47.745581201417956
BOMB_EVADE,"('WAIT', 1, 1)",-43.08249778616955
BOMB_EVADE,"('MOVE', 0, 1)",-108.63867371377668
BOMB_EVADE,"('MOVE', 1, 1)",-7.994171950943681
BOMB_EVADE,"('WAIT', 1, 1)",-5.247084438626729
BOMB_EVADE,"('WAIT', 1, 1)",-5.042377321640288
BOMB_EVADE,"('WAIT', 1, 1)",-4.847536974281448
BOMB_EVADE,"('WAIT', 1, 1)",-4.662087823720514
BOMB_EVADE,"('WAIT', 1, 1)",-4.485577219474704
BOMB_EVADE,"('MOVE', 2, 1)",-7.541642961908504
BOMB_EVADE,"('MOVE', 1, 1)",-2.597775904301355
BOMB_EVADE,"('MOVE', 2, 1)",-79.29685331281566
BOMB_EVADE,"('MOVE', 3, 2)",-69.10114789501614
BOMB_EVADE,"('MOVE', 4, 2)",-62.117478933593716
BLOCKED_PATH,"('MOVE', 3, 2)",-22.04156303100783
BLOCKED_PATH,"('MOVE', 4, 2)",-21.14277936912932
BLOCKED_PATH,"('WAIT', 4, 2)",-20.28238696505183
BLOCKED_PATH,"('MOVE', 5, 2)",-19.45874594842829
BLOCKED_PATH,"('MOVE', 4, 2)",-18.67028649545111
BLOCKED_PATH,"('WAIT', 4, 2)",-17.91550583683655
BLOCKED_PATH,"('WAIT', 4, 2)",-17.19296539361212
BLOCKED_PATH,"('MOVE', 5, 2)",-16.501288035247857
BLOCKED_PATH,"('MOVE', 4, 2)",-15.839155454905692
BLOCKED_PATH,"('MOVE', 5, 2)",-15.205305656804178
BLOCKED_PATH,"('MOVE', 6, 2)",-14.598530550909661
BLOCKED_PATH,"('MOVE', 7, 2)",-14.01767365036942
BLOCKED_PATH,"('MOVE', 6, 2)",-13.46162786729824
BLOCKED_PATH,"('MOVE', 7, 2)",-12.929333402717244
BLOCKED_PATH,"('WAIT', 7, 2)",-12.419775726623339
BLOCKED_PATH,"('WAIT', 7, 2)",-11.931983644339319
BLOCKED_PATH,"('MOVE', 6, 2)",-11.46502744545923
BLOCKED_PATH,"('WAIT', 6, 2)",-11.018017131860942
BLOCKED_PATH,"('MOVE', 5, 2)",-10.5901007214086
BLOCKED_PATH,"('BOMB', 5, 2)",-66.15599085936614
BOMB_EVADE,"('MOVE', 4, 1)",7.792863895916525
BOMB_EVADE,"('WAIT', 4, 1)",9.779025026695065
BOMB_EVADE,"('WAIT', 4, 1)",9.25948199216738
BOMB_EVADE,"('MOVE', 5, 2)",-16.819012646193578
BOMB_EVADE,"('MOVE', 4, 2)",3.8918529858319957
BOMB_EVADE,"('MOVE', 4, 1)",22.929104171096597
BOMB_EVADE,"('MOVE', 4, 0)",24.26628692003454
BOMB_EVADE,"('MOVE', 3, 0)",22.888889339463127
BOMB_EVADE,"('MOVE', 4, 1)",21.67208849519216
BOMB_EVADE,"('WAIT', 4, 1)",20.579306390437743
BOMB_EVADE,"('WAIT', 4, 1)",19.53919577771304
BOMB_EVADE,"('MOVE', 4, 0)",-10.435669313412735
BOMB_EVADE,"('MOVE', 3, 0)",-9.361414441442477
BOMB_EVADE,"('MOVE', 2, 0)",-8.409463933012322
BLOCKED_PATH,"('BOMB', 2, 0)",54.473647328695805
BOMB_EVADE,"('MOVE', 3, 1)",46.920675414346384
BOMB_EVADE,"('MOVE', 4, 1)",47.596186522673854
BOMB_EVADE,"('MOVE', 3, 0)",39.99127277343685
BOMB_EVADE,"('MOVE', 4, 1)",44.26600424379848
BOMB_EVADE,"('MOVE', 5, 1)",45.04993235328511
BOMB_EVADE,"('MOVE', 6, 1)",43.30535775181161
BOMB_EVADE,"('MOVE', 7, 0)",45.10885347375803
BOMB_EVADE,"('WAIT', 7, 0)",42.4342845215683
BOMB_EVADE,"('WAIT', 7, 0)",39.914855386162095
BOMB_EVADE,"('WAIT', 7, 0)",37.5415670986656
BOMB_EVADE,"('WAIT', 7, 0)",35.30594268025548
BOMB_EVADE,"('WAIT', 7, 0)",48.037399810430976
BOMB_EVADE,"('WAIT', 7, 0)",42.45447146636253
BOMB_EVADE,"('WAIT', 7, 0)",37.50716183404258
BLOCKED_PATH,"('BOMB', 7, 0)",32.82708229957859
BOMB_EVADE,"('MOVE', 6, 1)",30.459835496632962
BOMB_EVADE,"('WAIT', 6, 1)",31.353461154135974
BOMB_EVADE,"('WAIT', 6, 1)",29.79404225086183
BOMB_EVADE,"('MOVE', 6, 0)",20.99941836683422
BOMB_EVADE,"('WAIT', 6, 0)",22.5721516131752
BOMB_EVADE,"('MOVE', 6, 1)",29.238182507802414
BOMB_EVADE,"('WAIT', 6, 1)",30.190691162550998
BOMB_EVADE,"('WAIT', 6, 1)",28.687317128677346
BOMB_EVADE,"('WAIT', 6, 1)",27.256404890342207
BOMB_EVADE,"('WAIT', 6, 1)",25.894461829145655
BOMB_EVADE,"('WAIT', 6, 1)",24.59816366895969
BOMB_EVADE,"('WAIT', 6, 1)",24.6797430017237
BOMB_EVADE,"('WAIT', 6, 1)",21.905477137271557
BOMB_EVADE,"('WAIT', 6, 1)",19.430924205544155
BLOCKED_PATH,"('BOMB', 6, 1)",22.915785685846107
BOMB_EVADE,"('MOVE', 5, 0)",28.396495655718788
BOMB_EVADE,"('WAIT', 5, 0)",29.50942733082539
BOMB_EVADE,"('MOVE', 4, 0)",27.515999131220802
BOMB_EVADE,"('MOVE', 5, 0)",26.484772372068257
BOMB_EVADE,"('WAIT', 5, 0)",25.000137853355426
BOMB_EVADE,"('WAIT', 5, 0)",23.595698274019053
BOMB_EVADE,"('WAIT', 5, 0)",22.267121774452924
BOMB_EVADE,"('WAIT', 5, 0)",21.010310487467244
BOMB_EVADE,"('WAIT', 5, 0)",19.82138789880904
BOMB_EVADE,"('MOVE', 6, 1)",10.117558811467907
BOMB_EVADE,"('MOVE', 5, 0)",20.532411943023664
